{"showCoverPage":true,"bookCover":{"coverDescription":"<h2 style=\"text-align:center\">März-April</h2>","coverMedium":{"params":{"decorative":true,"contentName":"Bild","expandImage":"Bild vergrößern","minimizeImage":"Bild verkleinern","file":{"path":"images/file-dd5_LUL0WSAJwt3E-ioESTfpL-W7NmlhLG.png","mime":"image/png","copyright":{"license":"U"},"width":52,"height":52}},"library":"H5P.Image 1.1","metadata":{"contentType":"Image","license":"U","title":"Unbenannt: Bild","authors":[],"changes":[]},"subContentId":"47805678-b57a-4078-9931-0b1b608e7e49"}},"chapters":[{"params":{"content":[{"content":{"params":{"text":"<h2><strong>Willkommen zum Jahresrückblick 2024, Teil II</strong></h2><p>Gemeinsam blicken wir zurück auf bewegende, spannende und teils tragische Ereignisse aus Politik, Gesellschaft und Kultur, die das Jahr 2024 geprägt haben. </p><h3>Lernziele</h3><p>Sie können …</p><ul><li><strong>zentrale Ereignisse des Jahres 2024 beschreiben</strong> und deren Bedeutung erklären.</li><li><strong>Zusammenhänge zwischen verschiedenen Entwicklungen erkennen</strong> und reflektieren.</li><li>eigene Meinungen zu den Geschehnissen formulieren und begründen.</li></ul><h3>Ablauf</h3><ol><li><strong>Memory-Spiel:</strong> Spielen Sie eine Runde Memory, in der Sie Gesichter und Beschreibungen von Personen, die das Jahr 2024 geprägt haben, zuordnen.</li><li><strong>SRF-Beitrag:</strong> Schauen Sie den SRF-Rückblick auf die Ereignisse des Jahres und beantworten Sie die Verständnisfragen.</li><li><strong>Reflexion:</strong> Nutzen Sie Mentimeter, um Ihre Gedanken zu den Geschehnissen zu teilen und mögliche Schlagzeilen für 2025 zu formulieren.</li></ol>"},"library":"H5P.AdvancedText 1.1","metadata":{"contentType":"Text","license":"U","title":"Unbenannt: Text","authors":[],"changes":[]},"subContentId":"7cca0de9-dfde-4fca-9495-a97e421fabd0"},"useSeparator":"auto"}]},"library":"H5P.Column 1.18","metadata":{"contentType":"Column","license":"U","title":"Einführung","authors":[],"changes":[],"extraTitle":"Einführung"},"subContentId":"74c5fd55-5a49-41d6-a727-e20ab80ed80a"},{"params":{"content":[{"content":{"params":{"text":"<p><span style=\"font-size:1.25em\"><strong>Ordnen Sie die Gesichter den Schlagzeilen zu.</strong></span></p>"},"library":"H5P.AdvancedText 1.1","metadata":{"contentType":"Text","license":"U","title":"Unbenannt: Text","authors":[],"changes":[]},"subContentId":"0291a7d8-eb30-447a-b082-ea14291ddc5e"},"useSeparator":"auto"},{"content":{"params":{"behaviour":{"useGrid":false,"allowRetry":false},"lookNFeel":{"themeColor":"#002f6c","cardBack":{"path":"images/file-JllMjHkr.png","mime":"image/png","copyright":{"license":"U"},"width":52,"height":52}},"l10n":{"cardTurns":"Züge","timeSpent":"Benötigte Zeit","feedback":"Gut gemacht!","tryAgain":"Nochmal spielen?","closeLabel":"Schließen","label":"Memory - Finde die Kartenpaare!","done":"Du hast alle Kartenpaare gefunden!","cardPrefix":"Karte %num:","cardUnturned":"Zugedeckt.","cardMatched":"Paar gefunden.","cardTurned":"Umgedreht.","cardMatchedA11y":"Die Karten passen zueinander!","cardNotMatchedA11y":"Die Karten passen nicht zueinander. Drehe andere Karten um, um es weiter zu versuchen."},"cards":[{"image":{"path":"images/file-yWc8e2lWnUcpZZHr.jpg","mime":"image/jpeg","copyright":{"license":"U"},"width":52,"height":52},"match":{"path":"images/file-B7AiPWPp4EGbg-V7.png","mime":"image/png","copyright":{"license":"U"},"width":52,"height":52}},{"image":{"path":"images/file-ZTB3jrIeYFcdyZGz.jpg","mime":"image/jpeg","copyright":{"license":"U"},"width":52,"height":52},"match":{"path":"images/file-OK_PEVhQ2TOTV7OK.png","mime":"image/png","copyright":{"license":"U"},"width":52,"height":52}},{"image":{"path":"images/file-QNFHGkb9ex5UDHEe.jpg","mime":"image/jpeg","copyright":{"license":"U"},"width":52,"height":52},"match":{"path":"images/file-Z-Z2WoPkxTgJ77tN.png","mime":"image/png","copyright":{"license":"U"},"width":52,"height":52}},{"image":{"path":"images/file-KGwJZzHdUEQK04fH.jpg","mime":"image/jpeg","copyright":{"license":"U"},"width":52,"height":52},"match":{"path":"images/file-2J5FY01Frm5MRzVo.png","mime":"image/png","copyright":{"license":"U"},"width":52,"height":52}}]},"library":"H5P.MemoryGame 1.3","metadata":{"contentType":"Memory Game","license":"U","title":"Memory-Spiel","authors":[],"changes":[],"extraTitle":"Memory-Spiel"},"subContentId":"fa330549-11ed-4aec-bc88-7920612ef602"},"useSeparator":"auto"}]},"library":"H5P.Column 1.18","metadata":{"contentType":"Column","license":"U","title":"Memory-Spiel","authors":[],"changes":[],"extraTitle":"Memory-Spiel"},"subContentId":"01870ca3-3446-4046-9a05-a261a9a26244"},{"params":{"content":[{"content":{"params":{"text":"<h2>Jahresrückblick - März-April 2024</h2>"},"library":"H5P.AdvancedText 1.1","metadata":{"contentType":"Text","license":"U","title":"Unbenannt: Text","authors":[],"changes":[]},"subContentId":"6fcf48b6-23e3-4bd4-a94a-beaeba06b778"},"useSeparator":"auto"},{"content":{"library":"H5P.IFrameEmbed 1.0","params":{"resizeSupported":true,"source":"https://www.srf.ch/play/tv/-/video/-?urn=urn:srf:video:7cfe48c6-52a7-4731-a45f-e04d9f5ad79b","width":"800","minWidth":"300","height":"400"},"metadata":{"embedTypes":["iframe"],"language":"en","defaultLanguage":"de","license":"CC BY-SA","extraTitle":"Jahresrückblick SRF 2024 Teil 2","title":"Jahresrückblick SRF 2024 Teil 2","mainLibrary":"H5P.IFrameEmbed","preloadedDependencies":[{"machineName":"H5P.IFrameEmbed","majorVersion":1,"minorVersion":0}],"licenseVersion":"4.0","authors":[],"changes":[],"contentType":"Iframe Embedder"},"subContentId":"8321d7a6-88e3-4d8f-95bd-5f58e498c251"},"useSeparator":"auto"},{"content":{"params":{"text":"<p>❗ Falls die Meldung 'Ihr Webbrowser wird nicht unterstützt' kommt, 👉 <strong>Seite neu laden </strong>löst meistens das Problem.</p><p>Link zum Video 👉 <a target=\"_blank\" rel=\"noopener noreferrer\" href=\"https://www.srf.ch/play/tv/-/video/-?urn=urn:srf:video:7cfe48c6-52a7-4731-a45f-e04d9f5ad79b\">SRF</a></p>"},"library":"H5P.AdvancedText 1.1","metadata":{"contentType":"Text","license":"U","title":"Unbenannt: Text","authors":[],"changes":[]},"subContentId":"c40ba478-4134-4287-a9cf-d7c29df0ba15"},"useSeparator":"auto"},{"content":{"library":"H5P.Accordion 1.0","params":{"panels":[{"title":"Krieg in Gaza","content":{"params":{"text":"<p>Der Konflikt zwischen Israel und der Hamas hält an und führt zu einer humanitären Katastrophe in Gaza. Israel kontrolliert den Norden des Gazastreifens und weitet Angriffe im Süden aus, wo sich hunderttausende Vertriebene aufhalten. Eine Hungersnot droht, zwei Millionen Menschen sind auf humanitäre Hilfe angewiesen. Die Suche nach den über hundert Geiseln, von denen 31 tot sind, hält an. Israels harte Haltung und die Weigerung, eine Zwei-Staaten-Lösung zu akzeptieren, stoßen international auf Kritik.</p>"},"library":"H5P.AdvancedText 1.1","metadata":{"contentType":"Text","license":"U","title":"Unbenannt: Text","authors":[],"changes":[]},"subContentId":"74507e0f-0934-4c49-a993-cb7b7e804e4e"}},{"title":"13. AHV-Rente in der Schweiz","content":{"params":{"text":"<p>Schweizer Stimmbürger*innen haben deutlich für die Einführung einer 13. AHV-Rente gestimmt. Dies ist ein historischer Sieg für Linke und Gewerkschaften und eine Premiere für den Ausbau des Sozialstaates in der Schweiz.</p>"},"library":"H5P.AdvancedText 1.1","metadata":{"contentType":"Text","license":"U","title":"Unbenannt: Text","authors":[],"changes":[]},"subContentId":"fb3c3d63-4207-4945-9682-43a48ef40b64"}},{"title":"Antisemitismus","content":{"params":{"text":"<p>Nach dem Terrorangriff auf Israel im Oktober nehmen Angriffe auf Juden zu, auch in der Schweiz. In Zürich wurde ein orthodoxer Jude lebensgefährlich verletzt. Die Sicherheitsmaßnahmen für jüdische Einrichtungen wurden verstärkt.</p>"},"library":"H5P.AdvancedText 1.1","metadata":{"contentType":"Text","license":"U","title":"Unbenannt: Text","authors":[],"changes":[]},"subContentId":"f4cff0a6-f67d-4a72-82fd-1950672f82cf"}},{"title":"Russische Präsidentschaftswahl","content":{"params":{"text":"<p>Wladimir Putin wurde mit über 87% der Stimmen für weitere sechs Jahre als russischer Präsident gewählt. Die Wahl gilt jedoch als manipuliert und undemokratisch.</p>"},"library":"H5P.AdvancedText 1.1","metadata":{"contentType":"Text","license":"U","title":"Unbenannt: Text","authors":[],"changes":[]},"subContentId":"dc27f57d-0165-4fed-9785-04f05d072591"}},{"title":"Donald Trump","content":{"params":{"text":"<p>Der ehemalige US-Präsident Trump wurde wegen Steuerbetrugs verurteilt und muss hohe Strafen zahlen. Um seine Finanzen zu verbessern, verkauft er nun Schuhe und Parfums.</p>"},"library":"H5P.AdvancedText 1.1","metadata":{"contentType":"Text","license":"U","title":"Unbenannt: Text","authors":[],"changes":[]},"subContentId":"85692ef1-0e45-4ae6-948b-2daa7cd4d87d"}},{"title":"Streiks in Deutschland","content":{"params":{"text":"<p>In Deutschland kam es im März zu zahlreichen Streiks verschiedener Berufsgruppen, darunter Busfahrer*innen, Lokführer*innen, Ärzt*innen, Flughafenangestellte und Landwirt*innen. Der Unmut über die Ampelregierung wächst.</p>"},"library":"H5P.AdvancedText 1.1","metadata":{"contentType":"Text","license":"U","title":"Unbenannt: Text","authors":[],"changes":[]},"subContentId":"b1311c11-2de4-4150-803d-6b0a64b55a80"}},{"title":"Schweizer Ski-Erfolge","content":{"params":{"text":"<p>Lara Gut-Behrami und Marco Odermatt feierten eine herausragende Saison im alpinen Ski-Weltcup. Die Schweiz gewann die Nationenwertung dank 56 Podestplätzen.</p>"},"library":"H5P.AdvancedText 1.1","metadata":{"contentType":"Text","license":"U","title":"Unbenannt: Text","authors":[],"changes":[]},"subContentId":"b483c350-06b1-4079-8e72-e40cc668127c"}}],"hTag":"h2"},"metadata":{"embedTypes":["div"],"language":"und","title":"Krieg in Gaza und andere Ereignisse","mainLibrary":"H5P.Accordion","license":"U","defaultLanguage":"en","preloadedDependencies":[{"machineName":"H5P.AdvancedText","majorVersion":1,"minorVersion":1},{"machineName":"FontAwesome","majorVersion":4,"minorVersion":5},{"machineName":"H5P.Accordion","majorVersion":1,"minorVersion":0}],"authors":[],"changes":[],"extraTitle":"Krieg in Gaza und andere Ereignisse","contentType":"Accordion"},"subContentId":"5f404d04-39ac-4def-aefe-bd1d2fcabfdb"},"useSeparator":"auto"}]},"library":"H5P.Column 1.18","metadata":{"contentType":"Column","license":"U","title":"Jahresrückblick SRF 2024 Teil 2","authors":[],"changes":[],"extraTitle":"Jahresrückblick SRF 2024 Teil 2"},"subContentId":"05f46f7d-ce72-407e-88c4-ffaa670b56ce"},{"params":{"content":[{"content":{"library":"H5P.QuestionSet 1.20","params":{"introPage":{"showIntroPage":true,"startButtonText":"Quiz starten","title":"Verständnisfragen","introduction":"<p style=\"text-align:center\"><strong>Starten Sie das Quiz, um Ihr Wissen zu testen.</strong></p><p style=\"text-align:center\"> </p><p style=\"text-align:center\"> <strong>Pro Runde werden zufällig 7 Fragen angezeigt.</strong></p><p style=\"text-align:center\"><strong>Wiederholen Sie die Übung, um weitere Fragen zu beantworten.</strong></p>","backgroundImage":{"path":"images/file-_jmSDW4b9EawjImv-kk7sjxBM-r20cjXmZ.png","mime":"image/png","copyright":{"license":"U"},"width":52,"height":52}},"progressType":"textual","passPercentage":60,"disableBackwardsNavigation":true,"randomQuestions":true,"endGame":{"showResultPage":true,"showSolutionButton":true,"showRetryButton":true,"noResultMessage":"Quiz beendet","message":"Dein Ergebnis:","scoreBarLabel":"Du hast @score von @total Punkten erreicht.","overallFeedback":[{"from":0,"to":50,"feedback":"Kein Grund zur Sorge! Tipp: Schau dir die Lösungen an, bevor du in die nächste Runde startest."},{"from":51,"to":75,"feedback":"Du weisst schon einiges über das Thema. Mit jeder Wiederholung kannst du dich steigern."},{"from":76,"to":100,"feedback":"Gut gemacht!"}],"solutionButtonText":"Lösung anzeigen","retryButtonText":"Nächste Runde","finishButtonText":"Beenden","submitButtonText":"Absenden","showAnimations":false,"skippable":false,"skipButtonText":"Video überspringen"},"override":{"checkButton":true},"texts":{"prevButton":"Zurück","nextButton":"Weiter","finishButton":"Beenden","submitButton":"Absenden","textualProgress":"Aktuelle Frage: @current von @total Fragen","jumpToQuestion":"Frage %d von %total","questionLabel":"Frage","readSpeakerProgress":"Frage @current von @total","unansweredText":"Unbeantwortet","answeredText":"Beantwortet","currentQuestionText":"Aktuelle Frage","navigationLabel":"Fragen"},"poolSize":7,"questions":[{"library":"H5P.MultiChoice 1.16","params":{"question":"<p>Wie viele Mitarbeitende des UN-Hilfswerks UNRWA sollen am Massaker in Israel vom 7. Oktober beteiligt gewesen sein?</p>","answers":[{"text":"Dutzende","correct":true,"tipsAndFeedback":{"tip":"","chosenFeedback":"<div>✅ Richtig! Laut Bericht sollen <strong>Dutzende UNRWA-Mitarbeitende</strong> am Massaker vom 7. Oktober beteiligt gewesen sein.</div>","notChosenFeedback":""}},{"text":"Hunderte","correct":false,"tipsAndFeedback":{"tip":"","chosenFeedback":"<div>❌ Falsch. Es wird von <strong>Dutzenden</strong>, nicht von Hunderten Mitarbeitenden gesprochen.</div>","notChosenFeedback":""}},{"text":"Einzelne","correct":false,"tipsAndFeedback":{"tip":"","chosenFeedback":"<div>❌ Falsch. Die Zahl der verdächtigten Mitarbeitenden liegt deutlich höher, nämlich bei <strong>Dutzenden</strong>.</div>","notChosenFeedback":""}}],"behaviour":{"singleAnswer":true,"enableRetry":false,"enableSolutionsButton":false,"enableCheckButton":true,"type":"auto","singlePoint":false,"randomAnswers":true,"showSolutionsRequiresInput":true,"confirmCheckDialog":false,"confirmRetryDialog":false,"autoCheck":false,"passPercentage":100,"showScorePoints":true},"media":{"disableImageZooming":false},"overallFeedback":[{"from":0,"to":100}],"UI":{"checkAnswerButton":"Überprüfen","submitAnswerButton":"Absenden","showSolutionButton":"Lösung anzeigen","tryAgainButton":"Wiederholen","tipsLabel":"Hinweis anzeigen","scoreBarLabel":"Du hast :num von :total Punkten erreicht.","tipAvailable":"Hinweis verfügbar","feedbackAvailable":"Rückmeldung verfügbar","readFeedback":"Rückmeldung vorlesen","wrongAnswer":"Falsche Antwort","correctAnswer":"Richtige Antwort","shouldCheck":"Hätte gewählt werden müssen","shouldNotCheck":"Hätte nicht gewählt werden sollen","noInput":"Bitte antworte, bevor du die Lösung ansiehst","a11yCheck":"Die Antworten überprüfen. Die Auswahlen werden als richtig, falsch oder fehlend markiert.","a11yShowSolution":"Die Lösung anzeigen. Die richtigen Lösungen werden in der Aufgabe angezeigt.","a11yRetry":"Die Aufgabe wiederholen. Alle Versuche werden zurückgesetzt und die Aufgabe wird erneut gestartet."},"confirmCheck":{"header":"Beenden?","body":"Ganz sicher beenden?","cancelLabel":"Abbrechen","confirmLabel":"Beenden"},"confirmRetry":{"header":"Wiederholen?","body":"Ganz sicher wiederholen?","cancelLabel":"Abbrechen","confirmLabel":"Bestätigen"}},"metadata":{"contentType":"Multiple Choice","license":"U","title":"Multiple Choice","authors":[],"changes":[],"extraTitle":"Multiple Choice"},"subContentId":"c046c2e0-aece-4790-a179-c10de3f218f5"},{"library":"H5P.MultiChoice 1.16","params":{"question":"<p>Mit welchem Stimmenanteil wurde die 13. AHV-Rente in der Schweiz angenommen?</p>","answers":[{"text":"Mit über 58% Stimmbeteiligung","correct":false,"tipsAndFeedback":{"tip":"","chosenFeedback":"<div>❌ Falsch. Die 58% beziehen sich auf die <strong>Stimmbeteiligung</strong>, nicht auf den Ja-Stimmen-Anteil.</div>\n","notChosenFeedback":""}},{"text":"Mit einer deutlichen Mehrheit","correct":true,"tipsAndFeedback":{"tip":"","chosenFeedback":"<div>✅ Richtig! Die Initiative wurde mit einer <strong>deutlichen Mehrheit</strong> angenommen.</div>\n","notChosenFeedback":""}},{"text":"Mit knapper Mehrheit","correct":false,"tipsAndFeedback":{"tip":"","chosenFeedback":"<div>❌ Falsch. Die Initiative wurde nicht knapp, sondern mit einer <strong>deutlichen Mehrheit</strong> angenommen.</div>\n","notChosenFeedback":""}}],"behaviour":{"singleAnswer":true,"enableRetry":false,"enableSolutionsButton":false,"enableCheckButton":true,"type":"auto","singlePoint":false,"randomAnswers":true,"showSolutionsRequiresInput":true,"confirmCheckDialog":false,"confirmRetryDialog":false,"autoCheck":false,"passPercentage":100,"showScorePoints":true},"media":{"disableImageZooming":false},"overallFeedback":[{"from":0,"to":100}],"UI":{"checkAnswerButton":"Überprüfen","submitAnswerButton":"Absenden","showSolutionButton":"Lösung anzeigen","tryAgainButton":"Wiederholen","tipsLabel":"Hinweis anzeigen","scoreBarLabel":"Du hast :num von :total Punkten erreicht.","tipAvailable":"Hinweis verfügbar","feedbackAvailable":"Rückmeldung verfügbar","readFeedback":"Rückmeldung vorlesen","wrongAnswer":"Falsche Antwort","correctAnswer":"Richtige Antwort","shouldCheck":"Hätte gewählt werden müssen","shouldNotCheck":"Hätte nicht gewählt werden sollen","noInput":"Bitte antworte, bevor du die Lösung ansiehst","a11yCheck":"Die Antworten überprüfen. Die Auswahlen werden als richtig, falsch oder fehlend markiert.","a11yShowSolution":"Die Lösung anzeigen. Die richtigen Lösungen werden in der Aufgabe angezeigt.","a11yRetry":"Die Aufgabe wiederholen. Alle Versuche werden zurückgesetzt und die Aufgabe wird erneut gestartet."},"confirmCheck":{"header":"Beenden?","body":"Ganz sicher beenden?","cancelLabel":"Abbrechen","confirmLabel":"Beenden"},"confirmRetry":{"header":"Wiederholen?","body":"Ganz sicher wiederholen?","cancelLabel":"Abbrechen","confirmLabel":"Bestätigen"}},"metadata":{"contentType":"Multiple Choice","license":"U","title":"Multiple Choice","authors":[],"changes":[],"extraTitle":"Multiple Choice"},"subContentId":"417d47b3-e3c7-4d3f-926c-ffb7b338e2ad"},{"library":"H5P.MultiChoice 1.16","params":{"question":"<p>Wie alt wurde die verstorbene Influencerin Iris Äpfel?</p>","answers":[{"text":"102 Jahre","correct":true,"tipsAndFeedback":{"tip":"","chosenFeedback":"<div>✅ Richtig! Iris Äpfel wurde <strong>102 Jahre</strong> alt und war damit die älteste Influencerin der Welt.</div>\n","notChosenFeedback":""}},{"text":"92 Jahre","correct":false,"tipsAndFeedback":{"tip":"","chosenFeedback":"<div>❌ Falsch. Iris Äpfel erreichte das beeindruckende Alter von <strong>102 Jahren</strong>.</div>\n","notChosenFeedback":""}},{"text":"82 Jahre","correct":false,"tipsAndFeedback":{"tip":"","chosenFeedback":"<div>❌ Falsch. Die Innenarchitektin und Influencerin wurde <strong>102 Jahre</strong> alt.</div>\n","notChosenFeedback":""}}],"behaviour":{"singleAnswer":true,"enableRetry":false,"enableSolutionsButton":false,"enableCheckButton":true,"type":"auto","singlePoint":false,"randomAnswers":true,"showSolutionsRequiresInput":true,"confirmCheckDialog":false,"confirmRetryDialog":false,"autoCheck":false,"passPercentage":100,"showScorePoints":true},"media":{"disableImageZooming":false},"overallFeedback":[{"from":0,"to":100}],"UI":{"checkAnswerButton":"Überprüfen","submitAnswerButton":"Absenden","showSolutionButton":"Lösung anzeigen","tryAgainButton":"Wiederholen","tipsLabel":"Hinweis anzeigen","scoreBarLabel":"Du hast :num von :total Punkten erreicht.","tipAvailable":"Hinweis verfügbar","feedbackAvailable":"Rückmeldung verfügbar","readFeedback":"Rückmeldung vorlesen","wrongAnswer":"Falsche Antwort","correctAnswer":"Richtige Antwort","shouldCheck":"Hätte gewählt werden müssen","shouldNotCheck":"Hätte nicht gewählt werden sollen","noInput":"Bitte antworte, bevor du die Lösung ansiehst","a11yCheck":"Die Antworten überprüfen. Die Auswahlen werden als richtig, falsch oder fehlend markiert.","a11yShowSolution":"Die Lösung anzeigen. Die richtigen Lösungen werden in der Aufgabe angezeigt.","a11yRetry":"Die Aufgabe wiederholen. Alle Versuche werden zurückgesetzt und die Aufgabe wird erneut gestartet."},"confirmCheck":{"header":"Beenden?","body":"Ganz sicher beenden?","cancelLabel":"Abbrechen","confirmLabel":"Beenden"},"confirmRetry":{"header":"Wiederholen?","body":"Ganz sicher wiederholen?","cancelLabel":"Abbrechen","confirmLabel":"Bestätigen"}},"metadata":{"contentType":"Multiple Choice","license":"U","title":"Multiple Choice","authors":[],"changes":[],"extraTitle":"Multiple Choice"},"subContentId":"e0718d49-c63e-4c02-9e61-f0dd0cce6e63"},{"library":"H5P.MultiChoice 1.16","params":{"question":"<p>Welchen Prozentsatz der Stimmen erhielt Putin bei den russischen Präsidentschaftswahlen?</p>","answers":[{"text":"Über 87 Prozent","correct":true,"tipsAndFeedback":{"tip":"","chosenFeedback":"<div>✅ Richtig! Putin erhielt bei den Wahlen <strong>über 87 Prozent</strong> der Stimmen, was als unglaubwürdiger Erdrutschsieg gilt.</div>\n","notChosenFeedback":""}},{"text":"Über 77 Prozent","correct":false,"tipsAndFeedback":{"tip":"","chosenFeedback":"<div>❌ Falsch. Putin erhielt <strong>über 87 Prozent</strong> der Stimmen bei den als unfair kritisierten Wahlen.</div>\n","notChosenFeedback":""}},{"text":"Über 67 Prozent","correct":false,"tipsAndFeedback":{"tip":"","chosenFeedback":"<div>❌ Falsch. Das offizielle Wahlergebnis lag bei <strong>über 87 Prozent</strong> für Putin.</div>\n","notChosenFeedback":""}}],"behaviour":{"singleAnswer":true,"enableRetry":false,"enableSolutionsButton":false,"enableCheckButton":true,"type":"auto","singlePoint":false,"randomAnswers":true,"showSolutionsRequiresInput":true,"confirmCheckDialog":false,"confirmRetryDialog":false,"autoCheck":false,"passPercentage":100,"showScorePoints":true},"media":{"disableImageZooming":false},"overallFeedback":[{"from":0,"to":100}],"UI":{"checkAnswerButton":"Überprüfen","submitAnswerButton":"Absenden","showSolutionButton":"Lösung anzeigen","tryAgainButton":"Wiederholen","tipsLabel":"Hinweis anzeigen","scoreBarLabel":"Du hast :num von :total Punkten erreicht.","tipAvailable":"Hinweis verfügbar","feedbackAvailable":"Rückmeldung verfügbar","readFeedback":"Rückmeldung vorlesen","wrongAnswer":"Falsche Antwort","correctAnswer":"Richtige Antwort","shouldCheck":"Hätte gewählt werden müssen","shouldNotCheck":"Hätte nicht gewählt werden sollen","noInput":"Bitte antworte, bevor du die Lösung ansiehst","a11yCheck":"Die Antworten überprüfen. Die Auswahlen werden als richtig, falsch oder fehlend markiert.","a11yShowSolution":"Die Lösung anzeigen. Die richtigen Lösungen werden in der Aufgabe angezeigt.","a11yRetry":"Die Aufgabe wiederholen. Alle Versuche werden zurückgesetzt und die Aufgabe wird erneut gestartet."},"confirmCheck":{"header":"Beenden?","body":"Ganz sicher beenden?","cancelLabel":"Abbrechen","confirmLabel":"Beenden"},"confirmRetry":{"header":"Wiederholen?","body":"Ganz sicher wiederholen?","cancelLabel":"Abbrechen","confirmLabel":"Bestätigen"}},"metadata":{"contentType":"Multiple Choice","license":"U","title":"Multiple Choice","authors":[],"changes":[],"extraTitle":"Multiple Choice"},"subContentId":"66a5a2d1-64f3-4e2c-8bf9-7dafb70dbba4"},{"library":"H5P.MultiChoice 1.16","params":{"question":"<p>Wie viele Podestplätze erreichte die Schweiz in der Ski-Nationenwertung?</p>","answers":[{"text":"56 Podestplätze","correct":true,"tipsAndFeedback":{"tip":"","chosenFeedback":"<div>✅ Richtig! Die Schweiz erreichte <strong>56 Podestplätze</strong>, davon waren <strong>27 Siege</strong>.</div>\n","notChosenFeedback":""}},{"text":"46 Podestplätze","correct":false,"tipsAndFeedback":{"tip":"","chosenFeedback":"<div>❌ Falsch. Die Schweiz erreichte <strong>56 Podestplätze</strong>, nicht 46.</div>\n","notChosenFeedback":""}},{"text":"27 Podestplätze","correct":false,"tipsAndFeedback":{"tip":"","chosenFeedback":"<div>❌ Falsch. Die <strong>27</strong> bezieht sich nur auf die Siege, insgesamt waren es <strong>56 Podestplätze</strong>.</div>\n","notChosenFeedback":""}}],"behaviour":{"singleAnswer":true,"enableRetry":false,"enableSolutionsButton":false,"enableCheckButton":true,"type":"auto","singlePoint":false,"randomAnswers":true,"showSolutionsRequiresInput":true,"confirmCheckDialog":false,"confirmRetryDialog":false,"autoCheck":false,"passPercentage":100,"showScorePoints":true},"media":{"disableImageZooming":false},"overallFeedback":[{"from":0,"to":100}],"UI":{"checkAnswerButton":"Überprüfen","submitAnswerButton":"Absenden","showSolutionButton":"Lösung anzeigen","tryAgainButton":"Wiederholen","tipsLabel":"Hinweis anzeigen","scoreBarLabel":"Du hast :num von :total Punkten erreicht.","tipAvailable":"Hinweis verfügbar","feedbackAvailable":"Rückmeldung verfügbar","readFeedback":"Rückmeldung vorlesen","wrongAnswer":"Falsche Antwort","correctAnswer":"Richtige Antwort","shouldCheck":"Hätte gewählt werden müssen","shouldNotCheck":"Hätte nicht gewählt werden sollen","noInput":"Bitte antworte, bevor du die Lösung ansiehst","a11yCheck":"Die Antworten überprüfen. Die Auswahlen werden als richtig, falsch oder fehlend markiert.","a11yShowSolution":"Die Lösung anzeigen. Die richtigen Lösungen werden in der Aufgabe angezeigt.","a11yRetry":"Die Aufgabe wiederholen. Alle Versuche werden zurückgesetzt und die Aufgabe wird erneut gestartet."},"confirmCheck":{"header":"Beenden?","body":"Ganz sicher beenden?","cancelLabel":"Abbrechen","confirmLabel":"Beenden"},"confirmRetry":{"header":"Wiederholen?","body":"Ganz sicher wiederholen?","cancelLabel":"Abbrechen","confirmLabel":"Bestätigen"}},"metadata":{"contentType":"Multiple Choice","license":"U","title":"Multiple Choice","authors":[],"changes":[],"extraTitle":"Multiple Choice"},"subContentId":"b71f7185-1990-4563-b38d-befd00074f5c"},{"library":"H5P.MultiChoice 1.16","params":{"question":"<p>Warum wird die Annahme der 13. AHV-Rente als historisch bezeichnet?</p>","answers":[{"text":"<div>Weil erstmals eine Initiative zum Ausbau des Sozialstaats angenommen wurde.</div>","correct":true,"tipsAndFeedback":{"tip":"","chosenFeedback":"<div>✅ Richtig! Es ist eine <strong>Premiere in der Schweiz</strong>, dass eine Initiative zur <strong>Erweiterung des Sozialstaats</strong> eine Mehrheit erhielt.</div>\n","notChosenFeedback":""}},{"text":"<div>Weil die Stimmbeteiligung so hoch war.</div>","correct":false,"tipsAndFeedback":{"tip":"","chosenFeedback":"<div>❌ Falsch. Obwohl die Stimmbeteiligung hoch war, ist der <strong>historische Aspekt</strong> die erstmalige Annahme einer sozialstaatlichen Ausbauvorlage.</div>\n","notChosenFeedback":""}},{"text":"<div>Weil die Wirtschaftsverbände dagegen waren.</div>","correct":false,"tipsAndFeedback":{"tip":"","chosenFeedback":"<div>❌ Falsch. Der historische Aspekt liegt in der <strong>erstmaligen Annahme</strong> einer Initiative zum <strong>Ausbau des Sozialstaats</strong>.</div>\n","notChosenFeedback":""}}],"behaviour":{"singleAnswer":true,"enableRetry":false,"enableSolutionsButton":false,"enableCheckButton":true,"type":"auto","singlePoint":false,"randomAnswers":true,"showSolutionsRequiresInput":true,"confirmCheckDialog":false,"confirmRetryDialog":false,"autoCheck":false,"passPercentage":100,"showScorePoints":true},"media":{"disableImageZooming":false},"overallFeedback":[{"from":0,"to":100}],"UI":{"checkAnswerButton":"Überprüfen","submitAnswerButton":"Absenden","showSolutionButton":"Lösung anzeigen","tryAgainButton":"Wiederholen","tipsLabel":"Hinweis anzeigen","scoreBarLabel":"Du hast :num von :total Punkten erreicht.","tipAvailable":"Hinweis verfügbar","feedbackAvailable":"Rückmeldung verfügbar","readFeedback":"Rückmeldung vorlesen","wrongAnswer":"Falsche Antwort","correctAnswer":"Richtige Antwort","shouldCheck":"Hätte gewählt werden müssen","shouldNotCheck":"Hätte nicht gewählt werden sollen","noInput":"Bitte antworte, bevor du die Lösung ansiehst","a11yCheck":"Die Antworten überprüfen. Die Auswahlen werden als richtig, falsch oder fehlend markiert.","a11yShowSolution":"Die Lösung anzeigen. Die richtigen Lösungen werden in der Aufgabe angezeigt.","a11yRetry":"Die Aufgabe wiederholen. Alle Versuche werden zurückgesetzt und die Aufgabe wird erneut gestartet."},"confirmCheck":{"header":"Beenden?","body":"Ganz sicher beenden?","cancelLabel":"Abbrechen","confirmLabel":"Beenden"},"confirmRetry":{"header":"Wiederholen?","body":"Ganz sicher wiederholen?","cancelLabel":"Abbrechen","confirmLabel":"Bestätigen"}},"metadata":{"contentType":"Multiple Choice","license":"U","title":"Multiple Choice","authors":[],"changes":[],"extraTitle":"Multiple Choice"},"subContentId":"bff51846-b0a6-457a-a759-1368eddd59b6"},{"library":"H5P.MultiChoice 1.16","params":{"question":"<p>Welche Kritik wird an den russischen Präsidentschaftswahlen geäussert?</p>","answers":[{"text":"<div>Es war eine Wahl ohne echte Wahlmöglichkeit.</div>","correct":true,"tipsAndFeedback":{"tip":"","chosenFeedback":"<div>✅ Richtig! Die Wahl wird kritisiert, weil es <strong>keine Opposition</strong> gab, <strong>Wähler eingeschüchtert</strong> wurden und <strong>keine unabhängigen Wahlbeobachter</strong> zugelassen waren.</div>\n","notChosenFeedback":""}},{"text":"<div>Es gab zu wenige Wahllokale.</div>","correct":false,"tipsAndFeedback":{"tip":"","chosenFeedback":"<div>❌ Falsch. Die Kritik bezieht sich auf den <strong>Mangel an demokratischen Grundprinzipien</strong> wie freie Opposition und unabhängige Wahlbeobachtung.</div>\n","notChosenFeedback":""}},{"text":"<div>Die Auszählung dauerte zu lange.</div>","correct":false,"tipsAndFeedback":{"tip":"","chosenFeedback":"<div>❌ Falsch. Kritisiert wurden vor allem die <strong>fehlende Opposition</strong>, <strong>Einschüchterung</strong> und der <strong>Ausschluss unabhängiger Beobachter</strong>.</div>\n","notChosenFeedback":""}}],"behaviour":{"singleAnswer":true,"enableRetry":false,"enableSolutionsButton":false,"enableCheckButton":true,"type":"auto","singlePoint":false,"randomAnswers":true,"showSolutionsRequiresInput":true,"confirmCheckDialog":false,"confirmRetryDialog":false,"autoCheck":false,"passPercentage":100,"showScorePoints":true},"media":{"disableImageZooming":false},"overallFeedback":[{"from":0,"to":100}],"UI":{"checkAnswerButton":"Überprüfen","submitAnswerButton":"Absenden","showSolutionButton":"Lösung anzeigen","tryAgainButton":"Wiederholen","tipsLabel":"Hinweis anzeigen","scoreBarLabel":"Du hast :num von :total Punkten erreicht.","tipAvailable":"Hinweis verfügbar","feedbackAvailable":"Rückmeldung verfügbar","readFeedback":"Rückmeldung vorlesen","wrongAnswer":"Falsche Antwort","correctAnswer":"Richtige Antwort","shouldCheck":"Hätte gewählt werden müssen","shouldNotCheck":"Hätte nicht gewählt werden sollen","noInput":"Bitte antworte, bevor du die Lösung ansiehst","a11yCheck":"Die Antworten überprüfen. Die Auswahlen werden als richtig, falsch oder fehlend markiert.","a11yShowSolution":"Die Lösung anzeigen. Die richtigen Lösungen werden in der Aufgabe angezeigt.","a11yRetry":"Die Aufgabe wiederholen. Alle Versuche werden zurückgesetzt und die Aufgabe wird erneut gestartet."},"confirmCheck":{"header":"Beenden?","body":"Ganz sicher beenden?","cancelLabel":"Abbrechen","confirmLabel":"Beenden"},"confirmRetry":{"header":"Wiederholen?","body":"Ganz sicher wiederholen?","cancelLabel":"Abbrechen","confirmLabel":"Bestätigen"}},"metadata":{"contentType":"Multiple Choice","license":"U","title":"Multiple Choice","authors":[],"changes":[],"extraTitle":"Multiple Choice"},"subContentId":"4fda3e7e-f0f3-4be4-9777-deba7e0cd79a"},{"library":"H5P.MultiChoice 1.16","params":{"question":"<p>Warum protestieren die deutschen Bauern und Bäuerinnen in Berlin?</p>","answers":[{"text":"<div>Es geht um mehr als nur den Agrardiesel</div>","correct":true,"tipsAndFeedback":{"tip":"","chosenFeedback":"<div>✅ Richtig! Obwohl der <strong>Agrardiesel</strong> der konkrete Anlass war, hat sich der Unmut über <strong>Jahre und Jahrzehnte aufgestaut</strong>.</div>\n","notChosenFeedback":""}},{"text":"<div>Nur wegen der Subventionskürzung beim Agrardiesel</div>","correct":false,"tipsAndFeedback":{"tip":"","chosenFeedback":"<div>❌ Falsch. Die Proteste sind Ausdruck eines <strong>tieferliegenden Unmuts</strong>, der sich über lange Zeit entwickelt hat.</div>\n","notChosenFeedback":""}},{"text":"Ausschliesslich wegen neuer Umweltauflagen","correct":false,"tipsAndFeedback":{"tip":"","chosenFeedback":"<div>❌ Falsch. Der Protest richtet sich nicht nur gegen einzelne Massnahmen, sondern zeigt eine <strong>grundsätzliche Unzufriedenheit</strong>.</div>\n","notChosenFeedback":""}}],"behaviour":{"singleAnswer":true,"enableRetry":false,"enableSolutionsButton":false,"enableCheckButton":true,"type":"auto","singlePoint":false,"randomAnswers":true,"showSolutionsRequiresInput":true,"confirmCheckDialog":false,"confirmRetryDialog":false,"autoCheck":false,"passPercentage":100,"showScorePoints":true},"media":{"disableImageZooming":false},"overallFeedback":[{"from":0,"to":100}],"UI":{"checkAnswerButton":"Überprüfen","submitAnswerButton":"Absenden","showSolutionButton":"Lösung anzeigen","tryAgainButton":"Wiederholen","tipsLabel":"Hinweis anzeigen","scoreBarLabel":"Du hast :num von :total Punkten erreicht.","tipAvailable":"Hinweis verfügbar","feedbackAvailable":"Rückmeldung verfügbar","readFeedback":"Rückmeldung vorlesen","wrongAnswer":"Falsche Antwort","correctAnswer":"Richtige Antwort","shouldCheck":"Hätte gewählt werden müssen","shouldNotCheck":"Hätte nicht gewählt werden sollen","noInput":"Bitte antworte, bevor du die Lösung ansiehst","a11yCheck":"Die Antworten überprüfen. Die Auswahlen werden als richtig, falsch oder fehlend markiert.","a11yShowSolution":"Die Lösung anzeigen. Die richtigen Lösungen werden in der Aufgabe angezeigt.","a11yRetry":"Die Aufgabe wiederholen. Alle Versuche werden zurückgesetzt und die Aufgabe wird erneut gestartet."},"confirmCheck":{"header":"Beenden?","body":"Ganz sicher beenden?","cancelLabel":"Abbrechen","confirmLabel":"Beenden"},"confirmRetry":{"header":"Wiederholen?","body":"Ganz sicher wiederholen?","cancelLabel":"Abbrechen","confirmLabel":"Bestätigen"}},"metadata":{"contentType":"Multiple Choice","license":"U","title":"Multiple Choice","authors":[],"changes":[],"extraTitle":"Multiple Choice"},"subContentId":"a49a4a10-3eac-4cbc-8791-67fb71b4d59b"},{"library":"H5P.MultiChoice 1.16","params":{"question":"<p>Welche besonderen Leistungen erreichte Lara Gut-Behrami in dieser Skisaison?</p>","answers":[{"text":"<div>Sie gewann zwei kleine und eine grosse Kristallkugel.</div>","correct":true,"tipsAndFeedback":{"tip":"","chosenFeedback":"<div>✅ Richtig! Sie gewann die <strong>kleinen Kugeln</strong> im Riesenslalom und Super-G sowie die <strong>grosse Kristallkugel</strong> im Gesamtweltcup.</div>\n","notChosenFeedback":""}},{"text":"<div>Sie gewann nur die grosse Kristallkugel.</div>","correct":false,"tipsAndFeedback":{"tip":"","chosenFeedback":"<div>❌ Falsch. Sie gewann sowohl <strong>zwei kleine Kugeln</strong> als auch die <strong>grosse Kristallkugel</strong>.</div>\n","notChosenFeedback":""}},{"text":"<div>Sie gewann nur kleine Kristallkugeln.</div>","correct":false,"tipsAndFeedback":{"tip":"","chosenFeedback":"<div>❌ Falsch. Neben den <strong>kleinen Kugeln</strong> gewann sie auch die <strong>grosse Kristallkugel</strong> im Gesamtweltcup.</div>\n","notChosenFeedback":""}}],"behaviour":{"singleAnswer":true,"enableRetry":false,"enableSolutionsButton":false,"enableCheckButton":true,"type":"auto","singlePoint":false,"randomAnswers":true,"showSolutionsRequiresInput":true,"confirmCheckDialog":false,"confirmRetryDialog":false,"autoCheck":false,"passPercentage":100,"showScorePoints":true},"media":{"disableImageZooming":false},"overallFeedback":[{"from":0,"to":100}],"UI":{"checkAnswerButton":"Überprüfen","submitAnswerButton":"Absenden","showSolutionButton":"Lösung anzeigen","tryAgainButton":"Wiederholen","tipsLabel":"Hinweis anzeigen","scoreBarLabel":"Du hast :num von :total Punkten erreicht.","tipAvailable":"Hinweis verfügbar","feedbackAvailable":"Rückmeldung verfügbar","readFeedback":"Rückmeldung vorlesen","wrongAnswer":"Falsche Antwort","correctAnswer":"Richtige Antwort","shouldCheck":"Hätte gewählt werden müssen","shouldNotCheck":"Hätte nicht gewählt werden sollen","noInput":"Bitte antworte, bevor du die Lösung ansiehst","a11yCheck":"Die Antworten überprüfen. Die Auswahlen werden als richtig, falsch oder fehlend markiert.","a11yShowSolution":"Die Lösung anzeigen. Die richtigen Lösungen werden in der Aufgabe angezeigt.","a11yRetry":"Die Aufgabe wiederholen. Alle Versuche werden zurückgesetzt und die Aufgabe wird erneut gestartet."},"confirmCheck":{"header":"Beenden?","body":"Ganz sicher beenden?","cancelLabel":"Abbrechen","confirmLabel":"Beenden"},"confirmRetry":{"header":"Wiederholen?","body":"Ganz sicher wiederholen?","cancelLabel":"Abbrechen","confirmLabel":"Bestätigen"}},"metadata":{"contentType":"Multiple Choice","license":"U","title":"Multiple Choice","authors":[],"changes":[],"extraTitle":"Multiple Choice"},"subContentId":"a1512f45-08c9-4568-9e10-dbbf6b8fe25b"},{"library":"H5P.MultiChoice 1.16","params":{"question":"<p>Wie versucht Donald Trump seine finanziellen Probleme zu lösen?</p>","answers":[{"text":"Durch den Verkauf von Merchandising-Produkten","correct":true,"tipsAndFeedback":{"tip":"","chosenFeedback":"<div>✅ Richtig! Trump verkauft <strong>goldene Sneaker</strong> und <strong>Parfums mit goldenem Trump-Verschluss</strong> für 99 Dollar.</div>\n","notChosenFeedback":""}},{"text":"Durch Spenden seiner Anhänger","correct":false,"tipsAndFeedback":{"tip":"","chosenFeedback":"<div>❌ Falsch. Er versucht aktiv durch den Verkauf von <strong>eigenen Produkten</strong> wie Schuhen und Parfums Geld zu verdienen.</div>\n","notChosenFeedback":""}},{"text":"Durch neue Immobiliengeschäfte","correct":false,"tipsAndFeedback":{"tip":"","chosenFeedback":"<div>❌ Falsch. Trump setzt auf den Verkauf von <strong>Konsumgütern</strong> wie Sneaker und Parfums.</div>\n","notChosenFeedback":""}}],"behaviour":{"singleAnswer":true,"enableRetry":false,"enableSolutionsButton":false,"enableCheckButton":true,"type":"auto","singlePoint":false,"randomAnswers":true,"showSolutionsRequiresInput":true,"confirmCheckDialog":false,"confirmRetryDialog":false,"autoCheck":false,"passPercentage":100,"showScorePoints":true},"media":{"disableImageZooming":false},"overallFeedback":[{"from":0,"to":100}],"UI":{"checkAnswerButton":"Überprüfen","submitAnswerButton":"Absenden","showSolutionButton":"Lösung anzeigen","tryAgainButton":"Wiederholen","tipsLabel":"Hinweis anzeigen","scoreBarLabel":"Du hast :num von :total Punkten erreicht.","tipAvailable":"Hinweis verfügbar","feedbackAvailable":"Rückmeldung verfügbar","readFeedback":"Rückmeldung vorlesen","wrongAnswer":"Falsche Antwort","correctAnswer":"Richtige Antwort","shouldCheck":"Hätte gewählt werden müssen","shouldNotCheck":"Hätte nicht gewählt werden sollen","noInput":"Bitte antworte, bevor du die Lösung ansiehst","a11yCheck":"Die Antworten überprüfen. Die Auswahlen werden als richtig, falsch oder fehlend markiert.","a11yShowSolution":"Die Lösung anzeigen. Die richtigen Lösungen werden in der Aufgabe angezeigt.","a11yRetry":"Die Aufgabe wiederholen. Alle Versuche werden zurückgesetzt und die Aufgabe wird erneut gestartet."},"confirmCheck":{"header":"Beenden?","body":"Ganz sicher beenden?","cancelLabel":"Abbrechen","confirmLabel":"Beenden"},"confirmRetry":{"header":"Wiederholen?","body":"Ganz sicher wiederholen?","cancelLabel":"Abbrechen","confirmLabel":"Bestätigen"}},"metadata":{"contentType":"Multiple Choice","license":"U","title":"Multiple Choice","authors":[],"changes":[],"extraTitle":"Multiple Choice"},"subContentId":"7deff94b-b80e-45fb-be35-894fec99b163"},{"library":"H5P.TrueFalse 1.8","params":{"question":"<p>Die Schweiz unterstützt das UNRWA-Hilfswerk mit über 20 Millionen Franken jährlich.</p>","correct":"true","behaviour":{"enableRetry":false,"enableSolutionsButton":false,"enableCheckButton":true,"confirmCheckDialog":false,"confirmRetryDialog":false,"autoCheck":false,"feedbackOnCorrect":"Richtig! Die Schweiz leistet einen jährlichen Beitrag von über 20 Millionen Franken an das UNRWA-Hilfswerk.","feedbackOnWrong":"Falsch. Die Schweiz unterstützt das UNRWA-Hilfswerk tatsächlich mit über 20 Millionen Franken pro Jahr."},"media":{"disableImageZooming":false},"l10n":{"trueText":"Wahr","falseText":"Falsch","score":"Du hast @score von @total Punkten erreicht.","checkAnswer":"Überprüfen","submitAnswer":"Absenden","showSolutionButton":"Lösung anzeigen","tryAgain":"Wiederholen","wrongAnswerMessage":"Falsche Antwort","correctAnswerMessage":"Richtige Antwort","scoreBarLabel":"Du hast :num von :total Punkten erreicht.","a11yCheck":"Die Antworten überprüfen. Die Antwort wird als richtig, falsch oder unbeantwortet markiert.","a11yShowSolution":"Die Lösung anzeigen. Die richtige Lösung wird in der Aufgabe angezeigt.","a11yRetry":"Die Aufgabe wiederholen. Alle Versuche werden zurückgesetzt, und die Aufgabe wird erneut gestartet."},"confirmCheck":{"header":"Beenden?","body":"Ganz sicher beenden?","cancelLabel":"Abbrechen","confirmLabel":"Beenden"},"confirmRetry":{"header":"Wiederholen?","body":"Ganz sicher wiederholen?","cancelLabel":"Abbrechen","confirmLabel":"Bestätigen"}},"metadata":{"contentType":"True/False Question","license":"U","title":"Richtig Falsch","authors":[],"changes":[],"extraTitle":"Richtig Falsch"},"subContentId":"05fda9f5-eab4-46f0-adbb-ca3207122d96"},{"library":"H5P.TrueFalse 1.8","params":{"question":"<p>Der Angriff auf einen orthodoxen Juden in Zürich wurde von einem erwachsenen Täter verübt.</p>","correct":"false","behaviour":{"enableRetry":false,"enableSolutionsButton":false,"enableCheckButton":true,"confirmCheckDialog":false,"confirmRetryDialog":false,"autoCheck":false,"feedbackOnCorrect":"Richtig! Der Täter war ein 15-jähriger Schweizer mit tunesischen Wurzeln, also kein Erwachsener.","feedbackOnWrong":"Falsch. Der Angriff wurde von einem 15-jährigen Schweizer mit tunesischen Wurzeln verübt."},"media":{"disableImageZooming":false},"l10n":{"trueText":"Wahr","falseText":"Falsch","score":"Du hast @score von @total Punkten erreicht.","checkAnswer":"Überprüfen","submitAnswer":"Absenden","showSolutionButton":"Lösung anzeigen","tryAgain":"Wiederholen","wrongAnswerMessage":"Falsche Antwort","correctAnswerMessage":"Richtige Antwort","scoreBarLabel":"Du hast :num von :total Punkten erreicht.","a11yCheck":"Die Antworten überprüfen. Die Antwort wird als richtig, falsch oder unbeantwortet markiert.","a11yShowSolution":"Die Lösung anzeigen. Die richtige Lösung wird in der Aufgabe angezeigt.","a11yRetry":"Die Aufgabe wiederholen. Alle Versuche werden zurückgesetzt, und die Aufgabe wird erneut gestartet."},"confirmCheck":{"header":"Beenden?","body":"Ganz sicher beenden?","cancelLabel":"Abbrechen","confirmLabel":"Beenden"},"confirmRetry":{"header":"Wiederholen?","body":"Ganz sicher wiederholen?","cancelLabel":"Abbrechen","confirmLabel":"Bestätigen"}},"metadata":{"contentType":"True/False Question","license":"U","title":"Richtig Falsch","authors":[],"changes":[],"extraTitle":"Richtig Falsch"},"subContentId":"f0051260-7457-4811-b098-fca31d9e9785"},{"library":"H5P.TrueFalse 1.8","params":{"question":"<p>Nikki Haley stieg nach dem Super Tuesday aus dem Präsidentschaftsrennen der Republikaner aus.</p>","correct":"true","behaviour":{"enableRetry":false,"enableSolutionsButton":false,"enableCheckButton":true,"confirmCheckDialog":false,"confirmRetryDialog":false,"autoCheck":false,"feedbackOnCorrect":"Richtig! Nikki Haley beendete ihre Kandidatur nach dem Super Tuesday am 6. März.","feedbackOnWrong":"Falsch. Nikki Haley gab tatsächlich nach dem Super Tuesday am 6. März ihre Kandidatur auf."},"media":{"disableImageZooming":false},"l10n":{"trueText":"Wahr","falseText":"Falsch","score":"Du hast @score von @total Punkten erreicht.","checkAnswer":"Überprüfen","submitAnswer":"Absenden","showSolutionButton":"Lösung anzeigen","tryAgain":"Wiederholen","wrongAnswerMessage":"Falsche Antwort","correctAnswerMessage":"Richtige Antwort","scoreBarLabel":"Du hast :num von :total Punkten erreicht.","a11yCheck":"Die Antworten überprüfen. Die Antwort wird als richtig, falsch oder unbeantwortet markiert.","a11yShowSolution":"Die Lösung anzeigen. Die richtige Lösung wird in der Aufgabe angezeigt.","a11yRetry":"Die Aufgabe wiederholen. Alle Versuche werden zurückgesetzt, und die Aufgabe wird erneut gestartet."},"confirmCheck":{"header":"Beenden?","body":"Ganz sicher beenden?","cancelLabel":"Abbrechen","confirmLabel":"Beenden"},"confirmRetry":{"header":"Wiederholen?","body":"Ganz sicher wiederholen?","cancelLabel":"Abbrechen","confirmLabel":"Bestätigen"}},"metadata":{"contentType":"True/False Question","license":"U","title":"Richtig Falsch","authors":[],"changes":[],"extraTitle":"Richtig Falsch"},"subContentId":"b6e952c6-297a-47b6-b556-773b8c70c245"},{"library":"H5P.TrueFalse 1.8","params":{"question":"<p>Die humanitäre Luftbrücke nach Gaza ist ausreichend, um eine Hungersnot zu verhindern.</p>","correct":"false","behaviour":{"enableRetry":false,"enableSolutionsButton":false,"enableCheckButton":true,"confirmCheckDialog":false,"confirmRetryDialog":false,"autoCheck":false,"feedbackOnCorrect":"Richtig! Laut Bericht ist die Lebensmittel-Luftbrücke bei weitem nicht ausreichend, um eine Hungersnot zu verhindern.","feedbackOnWrong":"Falsch. Die Hilfe durch die Luftbrücke wird als viel zu wenig beschrieben, um eine Hungersnot zu verhindern."},"media":{"disableImageZooming":false},"l10n":{"trueText":"Wahr","falseText":"Falsch","score":"Du hast @score von @total Punkten erreicht.","checkAnswer":"Überprüfen","submitAnswer":"Absenden","showSolutionButton":"Lösung anzeigen","tryAgain":"Wiederholen","wrongAnswerMessage":"Falsche Antwort","correctAnswerMessage":"Richtige Antwort","scoreBarLabel":"Du hast :num von :total Punkten erreicht.","a11yCheck":"Die Antworten überprüfen. Die Antwort wird als richtig, falsch oder unbeantwortet markiert.","a11yShowSolution":"Die Lösung anzeigen. Die richtige Lösung wird in der Aufgabe angezeigt.","a11yRetry":"Die Aufgabe wiederholen. Alle Versuche werden zurückgesetzt, und die Aufgabe wird erneut gestartet."},"confirmCheck":{"header":"Beenden?","body":"Ganz sicher beenden?","cancelLabel":"Abbrechen","confirmLabel":"Beenden"},"confirmRetry":{"header":"Wiederholen?","body":"Ganz sicher wiederholen?","cancelLabel":"Abbrechen","confirmLabel":"Bestätigen"}},"metadata":{"contentType":"True/False Question","license":"U","title":"Richtig Falsch","authors":[],"changes":[],"extraTitle":"Richtig Falsch"},"subContentId":"1f3f44cf-248a-4d3b-a86a-8c5d2e21e79e"},{"library":"H5P.TrueFalse 1.8","params":{"question":"<p>Die Wirtschaftsverbände haben die Stimmung in der Bevölkerung bezüglich der 13. AHV-Rente richtig eingeschätzt.</p>","correct":"false","behaviour":{"enableRetry":false,"enableSolutionsButton":false,"enableCheckButton":true,"confirmCheckDialog":false,"confirmRetryDialog":false,"autoCheck":false,"feedbackOnCorrect":"Richtig! Die Wirtschaftsverbände haben die Situation der Menschen und ihre Bedürfnisse unterschätzt.","feedbackOnWrong":"Falsch. Laut Bericht haben die Wirtschaftsverbände die Situation der Menschen unterschätzt."},"media":{"disableImageZooming":false},"l10n":{"trueText":"Wahr","falseText":"Falsch","score":"Du hast @score von @total Punkten erreicht.","checkAnswer":"Überprüfen","submitAnswer":"Absenden","showSolutionButton":"Lösung anzeigen","tryAgain":"Wiederholen","wrongAnswerMessage":"Falsche Antwort","correctAnswerMessage":"Richtige Antwort","scoreBarLabel":"Du hast :num von :total Punkten erreicht.","a11yCheck":"Die Antworten überprüfen. Die Antwort wird als richtig, falsch oder unbeantwortet markiert.","a11yShowSolution":"Die Lösung anzeigen. Die richtige Lösung wird in der Aufgabe angezeigt.","a11yRetry":"Die Aufgabe wiederholen. Alle Versuche werden zurückgesetzt, und die Aufgabe wird erneut gestartet."},"confirmCheck":{"header":"Beenden?","body":"Ganz sicher beenden?","cancelLabel":"Abbrechen","confirmLabel":"Beenden"},"confirmRetry":{"header":"Wiederholen?","body":"Ganz sicher wiederholen?","cancelLabel":"Abbrechen","confirmLabel":"Bestätigen"}},"metadata":{"contentType":"True/False Question","license":"U","title":"Richtig Falsch","authors":[],"changes":[],"extraTitle":"Richtig Falsch"},"subContentId":"b97ef561-b3dd-4ce5-b7ab-8757a7adf583"},{"library":"H5P.TrueFalse 1.8","params":{"question":"<p>Die Proteste der deutschen Bauern und Bäuerinnen richten sich ausschliesslich gegen die Kürzung der Agrardiesel-Subventionen.</p>","correct":"false","behaviour":{"enableRetry":false,"enableSolutionsButton":false,"enableCheckButton":true,"confirmCheckDialog":false,"confirmRetryDialog":false,"autoCheck":false,"feedbackOnCorrect":"Richtig! Die Proteste sind Ausdruck eines tieferen Unmuts, der sich über Jahre aufgestaut hat.","feedbackOnWrong":"Falsch. Der Agrardiesel war nur der Auslöser für einen bereits länger bestehenden Unmut der Bauern."},"media":{"disableImageZooming":false},"l10n":{"trueText":"Wahr","falseText":"Falsch","score":"Du hast @score von @total Punkten erreicht.","checkAnswer":"Überprüfen","submitAnswer":"Absenden","showSolutionButton":"Lösung anzeigen","tryAgain":"Wiederholen","wrongAnswerMessage":"Falsche Antwort","correctAnswerMessage":"Richtige Antwort","scoreBarLabel":"Du hast :num von :total Punkten erreicht.","a11yCheck":"Die Antworten überprüfen. Die Antwort wird als richtig, falsch oder unbeantwortet markiert.","a11yShowSolution":"Die Lösung anzeigen. Die richtige Lösung wird in der Aufgabe angezeigt.","a11yRetry":"Die Aufgabe wiederholen. Alle Versuche werden zurückgesetzt, und die Aufgabe wird erneut gestartet."},"confirmCheck":{"header":"Beenden?","body":"Ganz sicher beenden?","cancelLabel":"Abbrechen","confirmLabel":"Beenden"},"confirmRetry":{"header":"Wiederholen?","body":"Ganz sicher wiederholen?","cancelLabel":"Abbrechen","confirmLabel":"Bestätigen"}},"metadata":{"contentType":"True/False Question","license":"U","title":"Richtig Falsch","authors":[],"changes":[],"extraTitle":"Richtig Falsch"},"subContentId":"82bfb672-60b5-4bb1-9f0a-39cbfdc81a2a"}]},"metadata":{"embedTypes":["iframe"],"language":"en","license":"U","extraTitle":"Verständnisfragen","title":"Verständnisfragen","mainLibrary":"H5P.QuestionSet","preloadedDependencies":[{"machineName":"H5P.MultiChoice","majorVersion":1,"minorVersion":16},{"machineName":"FontAwesome","majorVersion":4,"minorVersion":5},{"machineName":"H5P.JoubelUI","majorVersion":1,"minorVersion":3},{"machineName":"H5P.Transition","majorVersion":1,"minorVersion":0},{"machineName":"H5P.FontIcons","majorVersion":1,"minorVersion":0},{"machineName":"H5P.Question","majorVersion":1,"minorVersion":5},{"machineName":"H5P.TrueFalse","majorVersion":1,"minorVersion":8},{"machineName":"H5P.Video","majorVersion":1,"minorVersion":6},{"machineName":"H5P.QuestionSet","majorVersion":1,"minorVersion":20}],"defaultLanguage":"de","authors":[],"changes":[],"contentType":"Question Set"},"subContentId":"934b3dc8-c713-431d-a654-27ffc43f52a3"},"useSeparator":"auto"}]},"library":"H5P.Column 1.18","metadata":{"contentType":"Column","license":"U","title":"Verständnisfragen","authors":[],"changes":[],"extraTitle":"Verständnisfragen"},"subContentId":"cb3827a8-1985-4711-8b1a-8a4f6b816fe5"},{"params":{"content":[{"content":{"library":"H5P.QuestionSet 1.20","params":{"introPage":{"showIntroPage":true,"startButtonText":"Quiz starten","introduction":"<p style=\"text-align:center\"><strong>Ziehen Sie die passenden Wörter in die Lücken, um die Texte korrekt zu vervollständigen.</strong></p><p style=\"text-align:center\"><strong>Nutzen Sie die Hinweise zu jeder Lücke.</strong></p>","title":"Lückentexte","backgroundImage":{"path":"images/file-9xbrlnthc357zUe8-BgiIkDJL-o9Jddobh.png","mime":"image/png","copyright":{"license":"U"},"width":52,"height":52}},"progressType":"dots","passPercentage":50,"disableBackwardsNavigation":false,"randomQuestions":true,"endGame":{"showResultPage":true,"showSolutionButton":true,"showRetryButton":true,"noResultMessage":"Quiz beendet","message":"Dein Ergebnis:","scoreBarLabel":"Du hast @score von @total Punkten erreicht.","overallFeedback":[{"from":0,"to":50,"feedback":"Kein Grund zur Sorge! Tipp: Schau dir die Lösungen an, bevor du die Aufgabe wiederholst."},{"from":51,"to":75,"feedback":"Du weisst schon einiges. Mit einer Wiederholung kannst du dich vielleicht steigern."},{"from":76,"to":100,"feedback":"Sehr gut!"}],"solutionButtonText":"Lösung anzeigen","retryButtonText":"Wiederholen","finishButtonText":"Beenden","submitButtonText":"Absenden","showAnimations":false,"skippable":false,"skipButtonText":"Video überspringen"},"override":{"checkButton":true,"showSolutionButton":"off","retryButton":"on"},"texts":{"prevButton":"Zurück","nextButton":"Weiter","finishButton":"Beenden","submitButton":"Absenden","textualProgress":"Aktuelle Frage: @current von @total Fragen","jumpToQuestion":"Frage %d von %total","questionLabel":"Frage","readSpeakerProgress":"Frage @current von @total","unansweredText":"Unbeantwortet","answeredText":"Beantwortet","currentQuestionText":"Aktuelle Frage","navigationLabel":"Fragen"},"questions":[{"library":"H5P.DragText 1.10","params":{"taskDescription":"<p>Ziehen Sie die Wörter in die richtigen Felder!</p><pre>❗ Nicht alle Wörter können zugeordnet werden.</pre>","textField":"Der Konflikt im Gazastreifen hat sich dramatisch verschärft. Der *Norden:Welcher Teil des Gazastreifens ist komplett zerstört?* ist nach vier Monaten Krieg völlig zerstört und steht unter israelischer Kontrolle. Die humanitäre Lage ist kritisch, mit *zwei Millionen:Wie viele Menschen benötigen humanitäre Hilfe?* Menschen, die auf Hilfe angewiesen sind. Die *UNRWA:Welches UN-Hilfswerk wird von der Schweiz unterstützt?* gerät unter Druck, nachdem die israelische Armee einen *Hamas-Tunnel:Was wurde unter einem UN-Gebäude entdeckt?* unter einem ihrer Gebäude entdeckt. *Netanjahu:Wer lehnt die Zwei-Staaten-Lösung ab?* bleibt bei seiner harten Position und lehnt eine *Zwei-Staaten-Lösung:Welcher Friedensvorschlag wird abgelehnt?* ab, was international auf *Kritik:Was erntet Israels Position international?* stösst. Eine *Luftbrücke:Welche Massnahme soll eine Hungersnot verhindern?* mit Lebensmitteln wird eingerichtet, reicht aber nicht aus, um die humanitäre Krise zu bewältigen.\n","distractors":"*Süden* *drei Millionen* *WHO* *Waffenlager* *Abbas*","overallFeedback":[{"from":0,"to":100,"feedback":""}],"checkAnswer":"Überprüfen","submitAnswer":"Absenden","tryAgain":"Wiederholen","showSolution":"Lösung anzeigen","dropZoneIndex":"Ablagefeld @index.","empty":"Ablagefeld @index ist leer.","contains":"Ablagefeld @index enthält ziehbaren Text @draggable.","ariaDraggableIndex":"@index von @count ziehbaren Texten.","tipLabel":"Tipp anzeigen","correctText":"Richtig!","incorrectText":"Falsch!","resetDropTitle":"Ablagefelder zurücksetzen","resetDropDescription":"Bist du sicher, dass du dieses Ablagefeld zurücksetzen möchtest?","grabbed":"Ziehbarer Text wurde aufgenommen.","cancelledDragging":"Ziehen abgebrochen.","correctAnswer":"Korrekte Antwort:","feedbackHeader":"Rückmeldung","behaviour":{"enableRetry":true,"enableSolutionsButton":false,"enableCheckButton":true,"instantFeedback":false},"scoreBarLabel":"Du hast :num von :total Punkten erreicht.","a11yCheck":"Die Antworten überprüfen. Die Eingaben werden als richtig, falsch oder unbeantwortet markiert.","a11yShowSolution":"Die Lösung anzeigen. Die richtigen Lösungen werden in der Aufgabe angezeigt.","a11yRetry":"Die Aufgabe wiederholen. Alle Eingaben werden zurückgesetzt und die Aufgabe wird erneut gestartet.","media":{"disableImageZooming":false}},"metadata":{"contentType":"Drag the Words","license":"U","title":"Gesamtverständnis","authors":[],"changes":[],"extraTitle":"Gesamtverständnis"},"subContentId":"3a035a80-a24f-4b6b-96c4-b49240f65f65"},{"library":"H5P.DragText 1.10","params":{"taskDescription":"<p>Ziehen Sie die Wörter in die richtigen Felder!</p><pre>❗ Nicht alle Wörter können zugeordnet werden.</pre>","textField":"*Gazastreifen:Umkämpftes Gebiet im Nahen Osten*: Region, die seit über vier Monaten unter schwerem Kriegszustand steht.\n*Humanitäre Krise:Notlage der Zivilbevölkerung*: Situation, in der Menschen dringend Hilfe zum Überleben benötigen.\n*Geiseln:Von der Hamas entführte Menschen*: Personen, die seit dem 7. Oktober von der Hamas festgehalten werden.\n*Zwei-Staaten-Lösung:Friedensvorschlag für den Konflikt*: Politisches Konzept, das einen eigenständigen palästinensischen Staat vorsieht.\n*UNRWA:Hilfsorganisation der Vereinten Nationen*: Organisation, die palästinensische Flüchtlinge unterstützt.\n*Luftbrücke:Versorgung aus der Luft*: Methode zur Lieferung von Hilfsgütern in Krisengebiete.\n*Hamas:Palästinensische Organisation*: Gruppe, die den Gazastreifen kontrolliert und den Terrorangriff vom 7. Oktober durchführte.\n","distractors":"*Westjordanland* *Flüchtlingskrise* *Friedenstruppen* *NATO* *Embargo*","overallFeedback":[{"from":0,"to":100,"feedback":""}],"checkAnswer":"Überprüfen","submitAnswer":"Absenden","tryAgain":"Wiederholen","showSolution":"Lösung anzeigen","dropZoneIndex":"Ablagefeld @index.","empty":"Ablagefeld @index ist leer.","contains":"Ablagefeld @index enthält ziehbaren Text @draggable.","ariaDraggableIndex":"@index von @count ziehbaren Texten.","tipLabel":"Tipp anzeigen","correctText":"Richtig!","incorrectText":"Falsch!","resetDropTitle":"Ablagefelder zurücksetzen","resetDropDescription":"Bist du sicher, dass du dieses Ablagefeld zurücksetzen möchtest?","grabbed":"Ziehbarer Text wurde aufgenommen.","cancelledDragging":"Ziehen abgebrochen.","correctAnswer":"Korrekte Antwort:","feedbackHeader":"Rückmeldung","behaviour":{"enableRetry":true,"enableSolutionsButton":false,"enableCheckButton":true,"instantFeedback":false},"scoreBarLabel":"Du hast :num von :total Punkten erreicht.","a11yCheck":"Die Antworten überprüfen. Die Eingaben werden als richtig, falsch oder unbeantwortet markiert.","a11yShowSolution":"Die Lösung anzeigen. Die richtigen Lösungen werden in der Aufgabe angezeigt.","a11yRetry":"Die Aufgabe wiederholen. Alle Eingaben werden zurückgesetzt und die Aufgabe wird erneut gestartet.","media":{"disableImageZooming":false}},"metadata":{"contentType":"Drag the Words","license":"U","title":"Glossar","authors":[],"changes":[],"extraTitle":"Glossar"},"subContentId":"47cccd8f-9c8e-4372-9264-085a50821ce3"}]},"metadata":{"embedTypes":["iframe"],"language":"en","license":"U","extraTitle":"Lückentexte","title":"Lückentexte","mainLibrary":"H5P.QuestionSet","preloadedDependencies":[{"machineName":"H5P.DragText","majorVersion":1,"minorVersion":10},{"machineName":"FontAwesome","majorVersion":4,"minorVersion":5},{"machineName":"jQuery.ui","majorVersion":1,"minorVersion":10},{"machineName":"H5P.JoubelUI","majorVersion":1,"minorVersion":3},{"machineName":"H5P.Transition","majorVersion":1,"minorVersion":0},{"machineName":"H5P.FontIcons","majorVersion":1,"minorVersion":0},{"machineName":"H5P.Question","majorVersion":1,"minorVersion":5},{"machineName":"H5P.Video","majorVersion":1,"minorVersion":6},{"machineName":"H5P.QuestionSet","majorVersion":1,"minorVersion":20}],"defaultLanguage":"de","authors":[],"changes":[],"contentType":"Question Set"},"subContentId":"c5f80d4e-fa20-4733-963b-79911bc920d7"},"useSeparator":"auto"}]},"library":"H5P.Column 1.18","metadata":{"contentType":"Column","license":"U","title":"Lückentexte","authors":[],"changes":[],"extraTitle":"Lückentexte"},"subContentId":"7035620f-7102-4d21-940d-1232b82b654d"},{"params":{"content":[{"content":{"params":{"text":"<h2>Zurück nach vorne</h2><p><strong>Reflektieren Sie das Jahr 2024</strong> und <strong>blicken Sie in die Zukunft</strong> mit der <strong>Umfrage unten</strong>:</p><ul><li>Geben Sie in <strong>bis zu drei Wörtern</strong> Ihre Gedanken zum Jahresrückblick wieder.</li><li>Werfen Sie  einen Blick auf <strong>mögliche Schlagzeilen des Jahres 2025</strong> und bewerten Sie ihre <strong>Wahrscheinlichkeit.</strong></li></ul>"},"library":"H5P.AdvancedText 1.1","metadata":{"contentType":"Text","license":"U","title":"Unbenannt: Text","authors":[],"changes":[]},"subContentId":"67626cc8-5385-4d3a-8807-f569d45016e0"},"useSeparator":"auto"},{"content":{"library":"H5P.Accordion 1.0","params":{"panels":[{"title":"Krieg in Gaza","content":{"params":{"text":"<p>Der Konflikt zwischen Israel und der Hamas hält an und führt zu einer humanitären Katastrophe in Gaza. Israel kontrolliert den Norden des Gazastreifens und weitet Angriffe im Süden aus, wo sich hunderttausende Vertriebene aufhalten. Eine Hungersnot droht, zwei Millionen Menschen sind auf humanitäre Hilfe angewiesen. Die Suche nach den über hundert Geiseln, von denen 31 tot sind, hält an. Israels harte Haltung und die Weigerung, eine Zwei-Staaten-Lösung zu akzeptieren, stoßen international auf Kritik.</p>"},"library":"H5P.AdvancedText 1.1","metadata":{"contentType":"Text","license":"U","title":"Unbenannt: Text","authors":[],"changes":[]},"subContentId":"750e17c0-8d84-4448-9844-a88e74531e28"}},{"title":"13. AHV-Rente in der Schweiz","content":{"params":{"text":"<p>Schweizer Stimmbürger*innen haben deutlich für die Einführung einer 13. AHV-Rente gestimmt. Dies ist ein historischer Sieg für Linke und Gewerkschaften und eine Premiere für den Ausbau des Sozialstaates in der Schweiz.</p>"},"library":"H5P.AdvancedText 1.1","metadata":{"contentType":"Text","license":"U","title":"Unbenannt: Text","authors":[],"changes":[]},"subContentId":"3b162ec4-8270-4822-9fbc-47be2c7ed001"}},{"title":"Antisemitismus","content":{"params":{"text":"<p>Nach dem Terrorangriff auf Israel im Oktober nehmen Angriffe auf Juden zu, auch in der Schweiz. In Zürich wurde ein orthodoxer Jude lebensgefährlich verletzt. Die Sicherheitsmaßnahmen für jüdische Einrichtungen wurden verstärkt.</p>"},"library":"H5P.AdvancedText 1.1","metadata":{"contentType":"Text","license":"U","title":"Unbenannt: Text","authors":[],"changes":[]},"subContentId":"3de5b315-2839-41b9-a596-2669d73c4a5d"}},{"title":"Russische Präsidentschaftswahl","content":{"params":{"text":"<p>Wladimir Putin wurde mit über 87% der Stimmen für weitere sechs Jahre als russischer Präsident gewählt. Die Wahl gilt jedoch als manipuliert und undemokratisch.</p>"},"library":"H5P.AdvancedText 1.1","metadata":{"contentType":"Text","license":"U","title":"Unbenannt: Text","authors":[],"changes":[]},"subContentId":"014cc2bf-437d-4917-8ada-a7f79b06dc11"}},{"title":"Donald Trump","content":{"params":{"text":"<p>Der ehemalige US-Präsident Trump wurde wegen Steuerbetrugs verurteilt und muss hohe Strafen zahlen. Um seine Finanzen zu verbessern, verkauft er nun Schuhe und Parfums.</p>"},"library":"H5P.AdvancedText 1.1","metadata":{"contentType":"Text","license":"U","title":"Unbenannt: Text","authors":[],"changes":[]},"subContentId":"1b3c441c-1d1f-4915-86b0-84f3f491d285"}},{"title":"Streiks in Deutschland","content":{"params":{"text":"<p>In Deutschland kam es im März zu zahlreichen Streiks verschiedener Berufsgruppen, darunter Busfahrer*innen, Lokführer*innen, Ärzt*innen, Flughafenangestellte und Landwirt*innen. Der Unmut über die Ampelregierung wächst.</p>"},"library":"H5P.AdvancedText 1.1","metadata":{"contentType":"Text","license":"U","title":"Unbenannt: Text","authors":[],"changes":[]},"subContentId":"f3c7fb73-64fb-4a6b-b137-ada43284d4fc"}},{"title":"Schweizer Ski-Erfolge","content":{"params":{"text":"<p>Lara Gut-Behrami und Marco Odermatt feierten eine herausragende Saison im alpinen Ski-Weltcup. Die Schweiz gewann die Nationenwertung dank 56 Podestplätzen.</p>"},"library":"H5P.AdvancedText 1.1","metadata":{"contentType":"Text","license":"U","title":"Unbenannt: Text","authors":[],"changes":[]},"subContentId":"76560d25-dd42-4362-9d54-ea47dbeeea42"}}],"hTag":"h2"},"metadata":{"embedTypes":["div"],"language":"und","title":"t2","mainLibrary":"H5P.Accordion","license":"U","defaultLanguage":"en","preloadedDependencies":[{"machineName":"H5P.AdvancedText","majorVersion":1,"minorVersion":1},{"machineName":"FontAwesome","majorVersion":4,"minorVersion":5},{"machineName":"H5P.Accordion","majorVersion":1,"minorVersion":0}],"extraTitle":"t2","authors":[],"changes":[],"contentType":"Accordion"},"subContentId":"18a5b70d-5980-4806-b998-bae7431d6e72"},"useSeparator":"auto"},{"content":{"params":{"text":"<p><span style=\"font-size:1.5em\">Umfrage</span></p><hr /><p><a target=\"_blank\" rel=\"noopener noreferrer\" href=\"https://www.menti.com/alg3ao3bsjzv\"><span style=\"font-size:0.75em\">direkter Link</span></a></p>"},"library":"H5P.AdvancedText 1.1","metadata":{"contentType":"Text","license":"U","title":"Unbenannt: Text","authors":[],"changes":[]},"subContentId":"0ca1e13f-b74a-4916-9631-4e86929f2658"},"useSeparator":"auto"},{"content":{"params":{"resizeSupported":true,"source":"https://www.menti.com/alg3ao3bsjzv","width":"640","height":"1500"},"library":"H5P.IFrameEmbed 1.0","metadata":{"contentType":"Iframe Embedder","license":"U","title":"Umfrage","authors":[],"changes":[],"extraTitle":"Umfrage"},"subContentId":"5f721397-3916-4804-9029-92e615f3357e"},"useSeparator":"enabled"}]},"library":"H5P.Column 1.18","metadata":{"contentType":"Column","license":"U","title":"Umfrage","authors":[],"changes":[],"extraTitle":"Umfrage"},"subContentId":"e443b4a6-fed5-47f2-b7ca-18fac3e876f2"},{"params":{"content":[{"content":{"params":{"text":"<h2>Zurück nach vorne</h2><p><span style=\"font-size:1.125em\">Schauen Sie sich die <strong>Ergebnisse </strong>aller Teilnehmenden an.</span></p>"},"library":"H5P.AdvancedText 1.1","metadata":{"contentType":"Text","license":"U","title":"Unbenannt: Text","authors":[],"changes":[]},"subContentId":"ca65f5c6-727c-4b41-b176-d8c94c18a992"},"useSeparator":"auto"},{"content":{"params":{"resizeSupported":true,"source":"https://www.mentimeter.com/app/presentation/al8x2iveyt9oqt8tfdx727ycpij57fae/edit?source=share-modal","width":"1100","height":"600","minWidth":"640"},"library":"H5P.IFrameEmbed 1.0","metadata":{"contentType":"Iframe Embedder","license":"U","title":"Unbenannt: Iframe-Embedder","authors":[],"changes":[],"extraTitle":"Unbenannt: Iframe-Embedder"},"subContentId":"ddd439c6-0a77-4754-b983-8af74389bbee"},"useSeparator":"enabled"}]},"library":"H5P.Column 1.18","metadata":{"contentType":"Column","license":"U","title":"Ergebnisse","authors":[],"changes":[],"extraTitle":"Ergebnisse"},"subContentId":"ec154755-a6ad-425a-9e9b-9ab76249d3ae"}],"behaviour":{"baseColor":"#002f6c","defaultTableOfContents":true,"progressIndicators":true,"progressAuto":true,"displaySummary":true,"enableRetry":true},"read":"Öffnen","displayTOC":"Inhaltsverzeichnis anzeigen","hideTOC":"Inhaltsverzeichnis ausblenden","nextPage":"Nächste Seite","previousPage":"Vorherige Seite","chapterCompleted":"Seite abgeschlossen!","partCompleted":"@pages von @total Seiten abgeschlossen","incompleteChapter":"Unvollständige Seite","navigateToTop":"Nach oben springen","markAsFinished":"Ich habe diese Seite abgeschlossen","fullscreen":"Vollbild","exitFullscreen":"Vollbild beenden","bookProgressSubtext":"@count von @total Seiten","interactionsProgressSubtext":"@count von @total Interaktionen","submitReport":"Report absenden","restartLabel":"Neustart","summaryHeader":"Zusammenfassung","allInteractions":"Alle Interaktionen","unansweredInteractions":"Unbeantwortete Interaktionen","scoreText":"@score / @maxscore","leftOutOfTotalCompleted":"@left von @max Interaktionen abgeschlossen","noInteractions":"Keine Interaktionen","score":"Punkte","summaryAndSubmit":"Zusammenfassung und Einsenden","noChapterInteractionBoldText":"Du hast noch keine Seiten bearbeitet.","noChapterInteractionText":"Du musst wenigstens eine Seite bearbeiten, um die Zusammenfassung zu sehen.","yourAnswersAreSubmittedForReview":"Deine Antworten wurden zur Begutachtung versendet!","bookProgress":"Buchfortschritt","interactionsProgress":"Interaktionsfortschritt","totalScoreLabel":"Gesamtpunktzahl","a11y":{"progress":"Seite @page von @total.","menu":"Inhaltsverzeichnis ein- bzw. ausschalten"}}