{"showCoverPage":true,"bookCover":{"coverDescription":"<h1 style=\"text-align:center\">ABUnews</h1><h3 style=\"text-align:center\">{Titel der Nachricht}</h3><div></div>","coverMedium":{"params":{"decorative":false,"contentName":"Bild","expandImage":"Bild vergrößern","minimizeImage":"Bild verkleinern"},"library":"H5P.Image 1.1","metadata":{"contentType":"Image","license":"U","title":"Cover Bild","authors":[],"changes":[]},"subContentId":"38d4e810-8486-4180-a36b-b7342882c391"}},"chapters":[{"params":{"content":[{"content":{"params":{"text":"<h2>Das Wichtigste in Kürze</h2><ul><li>bullet_1</li><li>bullet_2</li><li>bullet_3</li></ul><hr /><p>Lesen Sie zuerst die Definitionen der Begriffen hier unten, welche im Beitrag zentral sind.</p>"},"library":"H5P.AdvancedText 1.1","metadata":{"contentType":"Text","license":"U","title":"Einleitungstext","authors":[],"changes":[]},"subContentId":"c6640e67-b401-4dca-830b-9394bf64cf00"},"useSeparator":"auto"},{"content":{"params":{"panels":[{"title":"Begriff 1","content":{"params":{"text":"<p>Definition in zwei Sätze mit <strong>fette wörter</strong></p>"},"library":"H5P.AdvancedText 1.1","metadata":{"contentType":"Text","license":"U","title":"Definition: Verrechnungssteuer","authors":[],"changes":[]},"subContentId":"5d645f48-d506-46ac-9a66-8e4bfbd93657"}},{"title":"Begriff 2","content":{"params":{"text":"<p>Definition in zwei Sätze mit <strong>fette wörter</strong></p>"},"library":"H5P.AdvancedText 1.1","metadata":{"contentType":"Text","license":"U","title":"Definition: Verrechnungssteuer","authors":[],"changes":[]},"subContentId":"e78e60ab-d0b4-4b33-bced-2f42767bb78a"}},{"title":"Begriff 3","content":{"params":{"text":"<p>Definition in zwei Sätze mit <strong>fette wörter</strong></p>"},"library":"H5P.AdvancedText 1.1","metadata":{"contentType":"Text","license":"U","title":"Definition: Verrechnungssteuer","authors":[],"changes":[]},"subContentId":"434c28be-ea08-453a-aa50-748e88e4cf39"}}],"hTag":"h2"},"library":"H5P.Accordion 1.0","metadata":{"contentType":"Accordion","license":"U","title":"Begriffe","authors":[],"changes":[],"extraTitle":"Begriffe"},"subContentId":"c8a42900-9b9b-4e25-b79b-e60ac517114e"},"useSeparator":"auto"}]},"library":"H5P.Column 1.18","metadata":{"contentType":"Column","license":"U","title":"Einleitung","authors":[],"changes":[],"extraTitle":"Einleitung"},"subContentId":"063cbd7e-127c-4454-aebc-7616e7cb457c"},{"params":{"content":[{"content":{"params":{"text":"<h2>Titel des Beitrags</h2><p>Schauen Sie den Beitrag aufmerksam durch. Auf die nächste Seite werden Sie einige Fragen dazu beantworten.</p>"},"library":"H5P.AdvancedText 1.1","metadata":{"contentType":"Text","license":"U","title":"Videoeinleitung","authors":[],"changes":[]},"subContentId":"3d770e29-1e8d-40ec-95e6-4011601c62ae"},"useSeparator":"auto"},{"content":{"params":{"resizeSupported":true,"source":"https://www.srf.ch/play/embed?urn=urn:srf:video:155822ae-8760-4f8f-881b-83a16d905332","width":"700","minWidth":"500","height":"500"},"library":"H5P.IFrameEmbed 1.0","metadata":{"contentType":"Iframe Embedder","license":"U","title":"Unbenannt: Iframe Embedder","authors":[],"changes":[],"extraTitle":"Unbenannt: Iframe Embedder"},"subContentId":"60472352-e354-4b72-bc17-4eba2bbe0c99"},"useSeparator":"auto"}]},"library":"H5P.Column 1.18","metadata":{"contentType":"Column","license":"U","title":"Video","authors":[],"changes":[],"extraTitle":"Video"},"subContentId":"79b1bf37-1fdc-4fb2-b428-597ead2a08fa"},{"params":{"content":[{"content":{"params":{"text":"<h2>Zusammenfassung</h2><p>Fassen Sie zuerst die wichtigsten Inhalten des Beitrags zusammen.</p>"},"library":"H5P.AdvancedText 1.1","metadata":{"contentType":"Text","license":"U","title":"Fragen Einleitung","authors":[],"changes":[]},"subContentId":"7a4f09eb-8af9-4f2c-a5c1-1dc99025a400"},"useSeparator":"auto"},{"content":{"params":{"intro":"Wähle die korrekte Aussage.","overallFeedback":[{"from":0,"to":100}],"solvedLabel":"Fortschritt:","scoreLabel":"Falsche Antworten:","resultLabel":"Dein Ergebnis","labelCorrect":"Richtig.","labelIncorrect":"Falsch! Bitte versuche es noch einmal.","alternativeIncorrectLabel":"Falsch","labelCorrectAnswers":"Richtige Antwort(en).","tipButtonLabel":"Tipp anzeigen","scoreBarLabel":"Du hast :num von :total Punkten erreicht.","progressText":"Fortschritt :num von :total","summaries":[{"summary":["erste richtige aussage","ähnliche aussage wie die erste aber falsch","ähnliche aussage wie die erste aber falsch"],"subContentId":"f8982085-84e1-428c-a790-52fabbe2c97e","tip":""},{"summary":["zweite richtige aussage","ähnliche aussgae wie die zweite aber falsch","ähnliche aussage wie die zweite aber falsch"],"subContentId":"97613b0e-168e-4f2b-82bf-888bf9e796e6","tip":""},{"summary":["dritte richtige aussage","ähnliche aussagae wie die dritte aber falsch","ähnliche aussage wie die dritte aber falsch"],"subContentId":"6d7ee727-cc55-4f32-887b-f644034c3ea2","tip":""}]},"library":"H5P.Summary 1.10","metadata":{"contentType":"Summary","license":"U","title":"Unbenannt: Summary","authors":[],"changes":[],"extraTitle":"Unbenannt: Summary"},"subContentId":"db239aa5-db69-4565-8fe2-945a01674bf4"},"useSeparator":"auto"}]},"library":"H5P.Column 1.18","subContentId":"81c44d97-ac47-47cd-9f6b-0378145564e8","metadata":{"contentType":"Column","license":"U","title":"Zusammenfassung","authors":[],"changes":[],"extraTitle":"Zusammenfassung"}},{"params":{"content":[{"content":{"params":{"text":"<h2>Verständnisfragen</h2><p>Beantworten Sie zum Schluss die folgenden Fragen zum Inhalt des Videos.</p>"},"library":"H5P.AdvancedText 1.1","metadata":{"contentType":"Text","license":"U","title":"Fragen Einleitung","authors":[],"changes":[]},"subContentId":"169ee18a-1688-4c00-8a86-cbefb171e60c"},"useSeparator":"auto"},{"content":{"params":{"introPage":{"showIntroPage":true,"startButtonText":"Quiz starten","title":"Verständnisfragen Quiz","introduction":""},"progressType":"dots","passPercentage":50,"disableBackwardsNavigation":false,"randomQuestions":true,"poolSize":10,"questions":[{"library":"H5P.MultiChoice 1.16","params":{"question":"<p>Bespielfrage 1 Was ist der Hauptzweck der Verrechnungssteuer laut Video?</p>","answers":[{"text":"Die Erhöhung der allgemeinen Staatseinnahmen.","correct":false,"tipsAndFeedback":{"tip":"","chosenFeedback":"❌ <strong>Falsch!</strong> Obwohl Steuern Staatseinnahmen sind, ist der im Video genannte Hauptzweck ein anderer.","notChosenFeedback":""}},{"text":"Die Vereinfachung der Steuererklärung für Bürger.","correct":false,"tipsAndFeedback":{"tip":"","chosenFeedback":"❌ <strong>Falsch!</strong> Die Verrechnungssteuer führt eher zu einem zusätzlichen Schritt (Rückforderung).","notChosenFeedback":""}},{"text":"Die Vermeidung von Steuerhinterziehung.","correct":true,"tipsAndFeedback":{"tip":"","chosenFeedback":"✅ <strong>Richtig!</strong> Gemäss dem Video (00:10-00:15) soll sie Steuerhinterziehung vermeiden.","notChosenFeedback":""}}],"behaviour":{"singleAnswer":true,"enableRetry":false,"enableSolutionsButton":false,"enableCheckButton":true,"type":"auto","singlePoint":false,"randomAnswers":true,"showSolutionsRequiresInput":true,"confirmCheckDialog":false,"confirmRetryDialog":false,"autoCheck":false,"passPercentage":100,"showScorePoints":true},"media":{"disableImageZooming":false},"overallFeedback":[{"from":0,"to":100}],"UI":{"checkAnswerButton":"Überprüfen","submitAnswerButton":"Absenden","showSolutionButton":"Lösung anzeigen","tryAgainButton":"Wiederholen","tipsLabel":"Hinweis anzeigen","scoreBarLabel":"Du hast :num von :total Punkten erreicht.","tipAvailable":"Hinweis verfügbar","feedbackAvailable":"Rückmeldung verfügbar","readFeedback":"Rückmeldung vorlesen","wrongAnswer":"Falsche Antwort","correctAnswer":"Richtige Antwort","shouldCheck":"Hätte gewählt werden müssen","shouldNotCheck":"Hätte nicht gewählt werden sollen","noInput":"Bitte antworte, bevor du die Lösung ansiehst","a11yCheck":"Die Antworten überprüfen. Die Auswahlen werden als richtig, falsch oder fehlend markiert.","a11yShowSolution":"Die Lösung anzeigen. Die richtigen Lösungen werden in der Aufgabe angezeigt.","a11yRetry":"Die Aufgabe wiederholen. Alle Versuche werden zurückgesetzt und die Aufgabe wird erneut gestartet."},"confirmCheck":{"header":"Beenden?","body":"Ganz sicher beenden?","cancelLabel":"Abbrechen","confirmLabel":"Beenden"},"confirmRetry":{"header":"Wiederholen?","body":"Ganz sicher wiederholen?","cancelLabel":"Abbrechen","confirmLabel":"Bestätigen"}},"metadata":{"contentType":"Multiple Choice","license":"U","title":"Multiple Choice","authors":[],"changes":[],"extraTitle":"Multiple Choice"},"subContentId":"ee89477b-f7e8-4a40-bb9b-cc956c7cf916"},{"library":"H5P.MultiChoice 1.16","params":{"question":"<p>Beispielfrage 2 Wie hoch ist der Prozentsatz der Verrechnungssteuer, der im Video als Beispiel bei Zinserträgen genannt wird?</p>","answers":[{"text":"25%","correct":false,"tipsAndFeedback":{"tip":"","chosenFeedback":"❌ <strong>Falsch!</strong> Das ist nicht der im Beispiel genannte Satz.","notChosenFeedback":""}},{"text":"35%","correct":true,"tipsAndFeedback":{"tip":"","chosenFeedback":"✅ <strong>Richtig!</strong> Im Beispiel (00:50) werden 35% der Zinsen als Verrechnungssteuer einbehalten.","notChosenFeedback":""}},{"text":"65%","correct":false,"tipsAndFeedback":{"tip":"","chosenFeedback":"❌ <strong>Falsch!</strong> 65% ist der Anteil, der nach Abzug der Verrechnungssteuer ausgezahlt wird.","notChosenFeedback":""}}],"behaviour":{"singleAnswer":true,"enableRetry":false,"enableSolutionsButton":false,"enableCheckButton":true,"type":"auto","singlePoint":false,"randomAnswers":true,"showSolutionsRequiresInput":true,"confirmCheckDialog":false,"confirmRetryDialog":false,"autoCheck":false,"passPercentage":100,"showScorePoints":true},"media":{"disableImageZooming":false},"overallFeedback":[{"from":0,"to":100}],"UI":{"checkAnswerButton":"Überprüfen","submitAnswerButton":"Absenden","showSolutionButton":"Lösung anzeigen","tryAgainButton":"Wiederholen","tipsLabel":"Hinweis anzeigen","scoreBarLabel":"Du hast :num von :total Punkten erreicht.","tipAvailable":"Hinweis verfügbar","feedbackAvailable":"Rückmeldung verfügbar","readFeedback":"Rückmeldung vorlesen","wrongAnswer":"Falsche Antwort","correctAnswer":"Richtige Antwort","shouldCheck":"Hätte gewählt werden müssen","shouldNotCheck":"Hätte nicht gewählt werden sollen","noInput":"Bitte antworte, bevor du die Lösung ansiehst","a11yCheck":"Die Antworten überprüfen. Die Auswahlen werden als richtig, falsch oder fehlend markiert.","a11yShowSolution":"Die Lösung anzeigen. Die richtigen Lösungen werden in der Aufgabe angezeigt.","a11yRetry":"Die Aufgabe wiederholen. Alle Versuche werden zurückgesetzt und die Aufgabe wird erneut gestartet."},"confirmCheck":{"header":"Beenden?","body":"Ganz sicher beenden?","cancelLabel":"Abbrechen","confirmLabel":"Beenden"},"confirmRetry":{"header":"Wiederholen?","body":"Ganz sicher wiederholen?","cancelLabel":"Abbrechen","confirmLabel":"Bestätigen"}},"metadata":{"contentType":"Multiple Choice","license":"U","title":"Multiple Choice","authors":[],"changes":[],"extraTitle":"Multiple Choice"},"subContentId":"3414a675-6a2a-4c0f-a02b-4b92ddd331d5"},{"library":"H5P.TrueFalse 1.8","params":{"question":"<p>Richtig/Falsch 1 Die Verrechnungssteuer zielt darauf ab, eine Motivation für alle Bürger zu schaffen, ihre Einnahmen korrekt und vollständig anzugeben.</p>","correct":"true","behaviour":{"enableRetry":false,"enableSolutionsButton":false,"enableCheckButton":true,"confirmCheckDialog":false,"confirmRetryDialog":false,"autoCheck":false,"feedbackOnCorrect":"✅ Richtig! Das Video (01:08-01:10) besagt, dass so eine zusätzliche Motivation geschaffen wird, alles korrekt anzugeben.","feedbackOnWrong":"❌ Falsch. Genau das ist eines der erklärten Ziele der Verrechnungssteuer (01:08-01:10)."},"media":{"disableImageZooming":false},"l10n":{"trueText":"Wahr","falseText":"Falsch","score":"Du hast @score von @total Punkten erreicht.","checkAnswer":"Überprüfen","submitAnswer":"Absenden","showSolutionButton":"Lösung anzeigen","tryAgain":"Wiederholen","wrongAnswerMessage":"Falsche Antwort","correctAnswerMessage":"Richtige Antwort","scoreBarLabel":"Du hast :num von :total Punkten erreicht.","a11yCheck":"Die Antworten überprüfen. Die Antwort wird als richtig, falsch oder unbeantwortet markiert.","a11yShowSolution":"Die Lösung anzeigen. Die richtige Lösung wird in der Aufgabe angezeigt.","a11yRetry":"Die Aufgabe wiederholen. Alle Versuche werden zurückgesetzt, und die Aufgabe wird erneut gestartet."},"confirmCheck":{"header":"Beenden?","body":"Ganz sicher beenden?","cancelLabel":"Abbrechen","confirmLabel":"Beenden"},"confirmRetry":{"header":"Wiederholen?","body":"Ganz sicher wiederholen?","cancelLabel":"Abbrechen","confirmLabel":"Bestätigen"}},"metadata":{"contentType":"True/False Question","license":"U","title":"Richtig Falsch","authors":[],"changes":[],"extraTitle":"Richtig Falsch"},"subContentId":"3bfc71b9-9b52-42e2-91c4-844a8f03630d"},{"library":"H5P.TrueFalse 1.8","params":{"question":"<p>RIchtig/falsch 2 Anna hat letztes Jahr 500 Franken Zinsen auf ihrem Konto erhalten. Die Bank hat ihr den vollen Betrag ausbezahlt. Anna muss in diesem Fall keine Verrechnungssteuer-Angelegenheiten berücksichtigen.</p>","correct":"false","behaviour":{"enableRetry":false,"enableSolutionsButton":false,"enableCheckButton":true,"confirmCheckDialog":false,"confirmRetryDialog":false,"autoCheck":false,"feedbackOnCorrect":"✅ Richtig! Da der Betrag über 200 Franken liegt (01:37-01:43), hätte Verrechnungssteuer anfallen müssen. Wenn die Bank sie nicht abgezogen hat, ist die Situation unüblich und sollte geprüft werden, aber die grundsätzliche Pflicht besteht.","feedbackOnWrong":"❌ Falsch. Bei 500 Franken Zinsen wäre Verrechnungssteuer angefallen. Dass die Bank den vollen Betrag auszahlt, ist ungewöhnlich und entbindet nicht von der potenziellen Steuerpflicht oder Klärung."},"media":{"disableImageZooming":false},"l10n":{"trueText":"Wahr","falseText":"Falsch","score":"Du hast @score von @total Punkten erreicht.","checkAnswer":"Überprüfen","submitAnswer":"Absenden","showSolutionButton":"Lösung anzeigen","tryAgain":"Wiederholen","wrongAnswerMessage":"Falsche Antwort","correctAnswerMessage":"Richtige Antwort","scoreBarLabel":"Du hast :num von :total Punkten erreicht.","a11yCheck":"Die Antworten überprüfen. Die Antwort wird als richtig, falsch oder unbeantwortet markiert.","a11yShowSolution":"Die Lösung anzeigen. Die richtige Lösung wird in der Aufgabe angezeigt.","a11yRetry":"Die Aufgabe wiederholen. Alle Versuche werden zurückgesetzt, und die Aufgabe wird erneut gestartet."},"confirmCheck":{"header":"Beenden?","body":"Ganz sicher beenden?","cancelLabel":"Abbrechen","confirmLabel":"Beenden"},"confirmRetry":{"header":"Wiederholen?","body":"Ganz sicher wiederholen?","cancelLabel":"Abbrechen","confirmLabel":"Bestätigen"}},"metadata":{"contentType":"True/False Question","license":"U","title":"Richtig Falsch","authors":[],"changes":[],"extraTitle":"Richtig Falsch"},"subContentId":"5c2d5fd9-12da-496e-8d56-dcc28f74f0e2"}],"endGame":{"showResultPage":true,"showSolutionButton":true,"showRetryButton":true,"noResultMessage":"Quiz beendet","message":"Dein Ergebnis:","scoreBarLabel":"Du hast @score von @total Punkten erreicht.","overallFeedback":[{"from":0,"to":100}],"solutionButtonText":"Lösung anzeigen","retryButtonText":"Wiederholen","finishButtonText":"Beenden","submitButtonText":"Absenden","showAnimations":false,"skippable":false,"skipButtonText":"Video überspringen"},"texts":{"prevButton":"Zurück","nextButton":"Weiter","finishButton":"Beenden","submitButton":"Absenden","textualProgress":"Aktuelle Frage: @current von @total Fragen","jumpToQuestion":"Frage %d von %total","questionLabel":"Frage","readSpeakerProgress":"Frage @current von @total","unansweredText":"Unbeantwortet","answeredText":"Beantwortet","currentQuestionText":"Aktuelle Frage","navigationLabel":"Fragen"},"override":{"checkButton":true,"showSolutionButton":"off","retryButton":"off"}},"library":"H5P.QuestionSet 1.20","metadata":{"contentType":"Question Set","license":"U","title":"Verständnisfragen Quiz","authors":[],"changes":[],"extraTitle":"Verständnisfragen Quiz"},"subContentId":"7f1a7ff8-0fb0-478c-9500-648249006a9b"},"useSeparator":"auto"}]},"library":"H5P.Column 1.18","metadata":{"contentType":"Column","license":"U","title":"Verständnisfragen","authors":[],"changes":[],"extraTitle":"Verständnisfragen"},"subContentId":"23afdd8c-e826-4321-8523-0f13f2c41f5e"}],"behaviour":{"baseColor":"#1768c4","defaultTableOfContents":true,"progressIndicators":true,"progressAuto":true,"displaySummary":true,"enableRetry":true},"read":"Öffnen","displayTOC":"Inhaltsverzeichnis anzeigen","hideTOC":"Inhaltsverzeichnis ausblenden","nextPage":"Nächste Seite","previousPage":"Vorherige Seite","chapterCompleted":"Seite abgeschlossen!","partCompleted":"@pages von @total Seiten abgeschlossen","incompleteChapter":"Unvollständige Seite","navigateToTop":"Nach oben springen","markAsFinished":"Ich habe diese Seite abgeschlossen","fullscreen":"Vollbild","exitFullscreen":"Vollbild beenden","bookProgressSubtext":"@count von @total Seiten","interactionsProgressSubtext":"@count von @total Interaktionen","submitReport":"Report absenden","restartLabel":"Neustart","summaryHeader":"Zusammenfassung","allInteractions":"Alle Interaktionen","unansweredInteractions":"Unbeantwortete Interaktionen","scoreText":"@score / @maxscore","leftOutOfTotalCompleted":"@left von @max Interaktionen abgeschlossen","noInteractions":"Keine Interaktionen","score":"Punkte","summaryAndSubmit":"Zusammenfassung und Einsenden","noChapterInteractionBoldText":"Du hast noch keine Seiten bearbeitet.","noChapterInteractionText":"Du musst wenigstens eine Seite bearbeiten, um die Zusammenfassung zu sehen.","yourAnswersAreSubmittedForReview":"Deine Antworten wurden zur Begutachtung versendet!","bookProgress":"Buchfortschritt","interactionsProgress":"Interaktionsfortschritt","totalScoreLabel":"Gesamtpunktzahl","a11y":{"progress":"Seite @page von @total.","menu":"Inhaltsverzeichnis ein- bzw. ausschalten"}}